time,conf
2007-01-31,0.0505050505050505
2007-02-01,0.06
2007-02-02,0.0625
2007-02-05,0.0744680851063829
2007-02-06,0.0980392156862745
2007-02-07,0.0531914893617021
2007-02-08,0.0777777777777777
2007-02-09,0.075268817204301
2007-02-12,0.2
2007-02-13,0.173469387755102
2007-02-14,0.1764705882352941
2007-02-15,0.2475247524752475
2007-02-16,0.238095238095238
2007-02-20,0.2429906542056074
2007-02-21,0.2395833333333333
2007-02-22,0.2574257425742574
2007-02-23,0.21
2007-02-26,0.2110091743119266
2007-02-27,0.1717171717171717
2007-02-28,0.1714285714285714
2007-03-01,0.2352941176470588
2007-03-02,0.1521739130434782
2007-03-05,0.1052631578947368
2007-03-06,0.0736842105263157
2007-03-07,0.06
2007-03-08,0.0421052631578947
2007-03-09,0.0869565217391304
2007-03-12,0.0222222222222222
2007-03-13,0.0
2007-03-14,0.032258064516129
2007-03-15,0.0229885057471264
2007-03-16,0.0823529411764705
2007-03-19,0.0210526315789473
2007-03-20,0.0240963855421686
2007-03-21,0.0348837209302325
2007-03-22,0.0333333333333333
2007-03-23,0.0109890109890109
2007-03-26,0.010752688172043
2007-03-27,0.0206185567010309
2007-03-28,0.01
2007-03-29,0.0109890109890109
2007-03-30,0.0
2007-04-02,0.0202020202020202
2007-04-03,0.0099009900990099
2007-04-04,0.0105263157894736
2007-04-05,0.0
2007-04-09,0.0099009900990099
2007-04-10,0.010204081632653
2007-04-11,0.0392156862745098
2007-04-12,0.0
2007-04-13,0.0101010101010101
2007-04-16,0.0105263157894736
2007-04-17,0.02
2007-04-18,0.0208333333333333
2007-04-19,0.0210526315789473
2007-04-20,0.0396039603960396
2007-04-23,0.0096153846153846
2007-04-24,0.0210526315789473
2007-04-25,0.021505376344086
2007-04-26,0.021505376344086
2007-04-27,0.0106382978723404
2007-04-30,0.0309278350515463
2007-05-01,0.0104166666666666
2007-05-02,0.021505376344086
2007-05-03,0.057471264367816
2007-05-04,0.0808080808080808
2007-05-07,0.0967741935483871
2007-05-08,0.1195652173913043
2007-05-09,0.1237113402061855
2007-05-10,0.0526315789473684
2007-05-11,0.0543478260869565
2007-05-14,0.0434782608695652
2007-05-15,0.0652173913043478
2007-05-16,0.03
2007-05-17,0.0319148936170212
2007-05-18,0.0485436893203883
2007-05-21,0.0485436893203883
2007-05-22,0.0606060606060606
2007-05-23,0.0776699029126213
2007-05-24,0.0833333333333333
2007-05-25,0.0380952380952381
2007-05-29,0.0648148148148148
2007-05-30,0.1214953271028037
2007-05-31,0.0471698113207547
2007-06-01,0.0776699029126213
2007-06-04,0.1121495327102803
2007-06-05,0.1896551724137931
2007-06-06,0.2110091743119266
2007-06-07,0.238095238095238
2007-06-08,0.16
2007-06-11,0.2346938775510204
2007-06-12,0.203883495145631
2007-06-13,0.2142857142857142
2007-06-14,0.2233009708737864
2007-06-15,0.2018348623853211
2007-06-18,0.2523364485981308
2007-06-19,0.2051282051282051
2007-06-20,0.1764705882352941
2007-06-21,0.1621621621621621
2007-06-22,0.1775700934579439
2007-06-25,0.2149532710280373
2007-06-26,0.173076923076923
2007-06-27,0.21
2007-06-28,0.1958762886597938
2007-06-29,0.1683168316831683
2007-07-02,0.1683168316831683
2007-07-03,0.1941747572815534
2007-07-05,0.1574074074074074
2007-07-06,0.1320754716981132
2007-07-09,0.1134020618556701
2007-07-10,0.1037735849056603
2007-07-11,0.0803571428571428
2007-07-12,0.0865384615384615
2007-07-13,0.0606060606060606
2007-07-16,0.0849056603773584
2007-07-17,0.0515463917525773
2007-07-18,0.0714285714285714
2007-07-19,0.0618556701030927
2007-07-20,0.0784313725490196
2007-07-23,0.0714285714285714
2007-07-24,0.053763440860215
2007-07-25,0.0526315789473684
2007-07-26,0.0348837209302325
2007-07-27,0.0
2007-07-30,0.0117647058823529
2007-07-31,0.0129870129870129
2007-08-01,0.0151515151515151
2007-08-02,0.0
2007-08-03,0.0
2007-08-06,0.0
2007-08-07,0.0
2007-08-08,0.0
2007-08-09,0.0161290322580645
2007-08-10,-0.0125
2007-08-13,0.0
2007-08-14,-0.0140845070422535
2007-08-15,-0.04
2007-08-16,-0.0238095238095238
2007-08-17,0.0
2007-08-20,0.0
2007-08-21,0.0
2007-08-22,0.0
2007-08-23,0.0
2007-08-24,0.0138888888888888
2007-08-27,0.0
2007-08-28,0.0
2007-08-29,0.0
2007-08-30,0.0
2007-08-31,0.0
2007-09-04,0.0
2007-09-05,0.0
2007-09-06,0.0
2007-09-07,0.0
2007-09-10,0.0
2007-09-11,0.0
2007-09-12,0.0
2007-09-13,0.0
2007-09-14,0.0
2007-09-17,0.0
2007-09-18,0.0
2007-09-19,0.0
2007-09-20,0.0
2007-09-21,0.0
2007-09-24,0.0
2007-09-25,0.0
2007-09-26,0.0104166666666666
2007-09-27,0.0
2007-09-28,0.0
2007-10-01,0.0217391304347826
2007-10-02,0.0
2007-10-03,0.0
2007-10-04,0.0112359550561797
2007-10-05,0.0108695652173913
2007-10-08,0.0659340659340659
2007-10-09,0.0109890109890109
2007-10-10,0.0344827586206896
2007-10-11,0.0625
2007-10-12,0.0344827586206896
2007-10-15,0.024390243902439
2007-10-16,0.0235294117647058
2007-10-17,0.0549450549450549
2007-10-18,0.0689655172413793
2007-10-19,0.0449438202247191
2007-10-22,0.1392405063291139
2007-10-23,0.1684210526315789
2007-10-24,0.2150537634408602
2007-10-25,0.3092783505154639
2007-10-26,0.2365591397849462
2007-10-29,0.3333333333333333
2007-10-30,0.2637362637362637
2007-10-31,0.3269230769230769
2007-11-01,0.3333333333333333
2007-11-02,0.23
2007-11-05,0.2861660079051384
2007-11-06,0.2323232323232323
2007-11-07,0.3131313131313131
2007-11-08,0.2777777777777778
2007-11-09,0.1379310344827586
2007-11-12,0.2592592592592592
2007-11-13,0.1529411764705882
2007-11-14,0.1604938271604938
2007-11-15,0.1904761904761904
2007-11-16,0.1298701298701298
2007-11-19,0.1111111111111111
2007-11-20,0.0945945945945946
2007-11-21,0.0519480519480519
2007-11-23,0.0547945205479452
2007-11-26,0.0
2007-11-27,-0.0151515151515151
2007-11-28,0.0140845070422535
2007-11-29,0.0259740259740259
2007-11-30,0.0
2007-12-03,0.0
2007-12-04,0.0135135135135135
2007-12-05,0.056338028169014
2007-12-06,0.0263157894736842
2007-12-07,0.0
2007-12-10,0.0
2007-12-11,0.0126582278481012
2007-12-12,0.0
2007-12-13,0.0117647058823529
2007-12-14,0.0119047619047619
2007-12-17,0.0
2007-12-18,0.0
2007-12-19,0.0
2007-12-20,0.0
2007-12-21,0.0
2007-12-24,0.0
2007-12-26,0.0
2007-12-27,0.0135135135135135
2007-12-28,0.0
2007-12-31,0.0
2008-01-02,0.0
2008-01-03,0.0
2008-01-04,0.0
2008-01-07,0.0
2008-01-08,0.0
2008-01-09,0.0
2008-01-10,0.0
2008-01-11,0.0
2008-01-14,0.0
2008-01-15,0.0
2008-01-16,-0.0128205128205128
2008-01-17,0.0
2008-01-18,0.0
2008-01-22,0.0
2008-01-23,0.0
2008-01-24,0.0
2008-01-25,0.0
2008-01-28,0.0
2008-01-29,0.0
2008-01-30,0.0
2008-01-31,0.0
2008-02-01,0.0
2008-02-04,0.0
2008-02-05,0.0
2008-02-06,0.0
2008-02-07,0.0
2008-02-08,0.0
2008-02-11,-0.0120481927710843
2008-02-12,-0.0246913580246913
2008-02-13,0.0
2008-02-14,-0.0119047619047619
2008-02-15,0.0
2008-02-19,-0.0229885057471264
2008-02-20,-0.0224719101123595
2008-02-21,-0.0235294117647058
2008-02-22,-0.0116279069767441
2008-02-25,-0.0217391304347826
2008-02-26,-0.0113636363636363
2008-02-27,-0.0114942528735632
2008-02-28,0.0
2008-02-29,-0.0117647058823529
2008-03-03,-0.021505376344086
2008-03-04,-0.0108695652173913
2008-03-05,0.0
2008-03-06,-0.0219780219780219
2008-03-07,0.0
2008-03-10,-0.021505376344086
2008-03-11,-0.0109890109890109
2008-03-12,0.0
2008-03-13,0.0
2008-03-14,-0.0114942528735632
2008-03-17,-0.0222222222222222
2008-03-18,0.0
2008-03-19,-0.0120481927710843
2008-03-20,0.0
2008-03-24,0.0
2008-03-25,0.0
2008-03-26,-0.0129870129870129
2008-03-27,0.0
2008-03-28,0.0
2008-03-31,0.0
2008-04-01,0.0
2008-04-02,0.0
2008-04-03,0.0
2008-04-04,0.0
2008-04-07,0.0
2008-04-08,0.0
2008-04-09,0.0
2008-04-10,0.0
2008-04-11,0.0
2008-04-14,0.0
2008-04-15,0.0
2008-04-16,0.0
2008-04-17,0.0
2008-04-18,0.0
2008-04-21,0.0
2008-04-22,0.0
2008-04-23,0.0
2008-04-24,0.0
2008-04-25,0.0
2008-04-28,0.0
2008-04-29,0.0
2008-04-30,0.0
2008-05-01,0.0
2008-05-02,0.0149253731343283
2008-05-05,0.0
2008-05-06,0.0
2008-05-07,0.0
2008-05-08,0.0
2008-05-09,0.0
2008-05-12,0.0
2008-05-13,0.0
2008-05-14,0.0129870129870129
2008-05-15,0.0131578947368421
2008-05-16,0.0
2008-05-19,0.0
2008-05-20,0.0
2008-05-21,0.0
2008-05-22,0.0
2008-05-23,0.0
2008-05-27,0.0
2008-05-28,0.0
2008-05-29,0.0
2008-05-30,0.0
2008-06-02,0.0
2008-06-03,0.0
2008-06-04,0.0
2008-06-05,0.0
2008-06-06,0.0
2008-06-09,0.0
2008-06-10,0.0
2008-06-11,0.0
2008-06-12,0.0
2008-06-13,0.0
2008-06-16,0.0
2008-06-17,0.0
2008-06-18,0.0
2008-06-19,0.0
2008-06-20,0.0
2008-06-23,0.0
2008-06-24,0.0
2008-06-25,-0.0227272727272727
2008-06-26,-0.0120481927710843
2008-06-27,0.0
2008-06-30,0.0
2008-07-01,-0.0123456790123456
2008-07-02,-0.0238095238095238
2008-07-03,-0.0120481927710843
2008-07-07,0.0
2008-07-08,-0.0123456790123456
2008-07-09,0.0
2008-07-10,-0.0133333333333333
2008-07-11,0.0
2008-07-14,-0.0289855072463768
2008-07-15,0.0
2008-07-16,0.0
2008-07-17,-0.015625
2008-07-18,0.0
2008-07-21,0.0
2008-07-22,0.0
2008-07-23,0.0
2008-07-24,0.0
2008-07-25,0.0
2008-07-28,-0.0142857142857142
2008-07-29,0.0
2008-07-30,-0.015625
2008-07-31,0.0
2008-08-01,0.0
2008-08-04,0.0
2008-08-05,0.0
2008-08-06,-0.0153846153846153
2008-08-07,0.0
2008-08-08,0.0
2008-08-11,0.0
2008-08-12,0.0
2008-08-13,0.0
2008-08-14,0.0
2008-08-15,0.0
2008-08-18,-0.0166666666666666
2008-08-19,0.0
2008-08-20,0.0
2008-08-21,0.0
2008-08-22,0.0
2008-08-25,0.0
2008-08-26,0.0
2008-08-27,0.0
2008-08-28,0.0
2008-08-29,0.0
2008-09-02,0.0136986301369863
2008-09-03,0.0128205128205128
2008-09-04,0.0
2008-09-05,0.0
2008-09-08,0.0147058823529411
2008-09-09,0.0
2008-09-10,0.0
2008-09-11,0.0
2008-09-12,0.0
2008-09-15,0.0
2008-09-16,0.0
2008-09-17,0.0
2008-09-18,0.0
2008-09-19,0.0
2008-09-22,0.0
2008-09-23,0.0
2008-09-24,0.0
2008-09-25,0.0
2008-09-26,0.0
2008-09-29,0.0
2008-09-30,0.0
2008-10-01,0.0
2008-10-02,0.0
2008-10-03,-0.0169491525423728
2008-10-06,0.0
2008-10-07,0.0
2008-10-08,-0.0476190476190476
2008-10-09,-0.03125
2008-10-10,-0.0416666666666666
2008-10-13,0.0
2008-10-14,0.0
2008-10-15,-0.0128205128205128
2008-10-16,-0.0128205128205128
2008-10-17,-0.025
2008-10-20,0.0
2008-10-21,-0.0125
2008-10-22,0.0
2008-10-23,-0.0238095238095238
2008-10-24,-0.025
2008-10-27,-0.0227272727272727
2008-10-28,-0.0319148936170212
2008-10-29,-0.0348837209302325
2008-10-30,-0.0128205128205128
2008-10-31,-0.0133333333333333
2008-11-03,0.0
2008-11-04,-0.0135135135135135
2008-11-05,0.0
2008-11-06,0.0
2008-11-07,0.0
2008-11-10,-0.0138888888888888
2008-11-11,-0.0133333333333333
2008-11-12,-0.0121951219512195
2008-11-13,0.0
2008-11-14,-0.0246913580246913
2008-11-17,-0.0256410256410256
2008-11-18,-0.0326086956521739
2008-11-19,-0.0963855421686747
2008-11-20,-0.0989010989010989
2008-11-21,-0.0853658536585365
2008-11-24,-0.1
2008-11-25,-0.088235294117647
2008-11-26,-0.0285714285714285
2008-11-28,-0.0136986301369863
2008-12-01,-0.0129870129870129
2008-12-02,-0.0389610389610389
2008-12-03,0.0
2008-12-04,-0.0133333333333333
2008-12-05,-0.0149253731343283
2008-12-08,0.0
2008-12-09,-0.015625
2008-12-10,0.0
2008-12-11,0.0
2008-12-12,0.0
2008-12-15,0.0
2008-12-16,0.0
2008-12-17,0.0
2008-12-18,0.0
2008-12-19,0.0
2008-12-22,0.0
2008-12-23,-0.0140845070422535
2008-12-24,0.0
2008-12-26,-0.0285714285714285
2008-12-29,0.0
2008-12-30,0.0
2008-12-31,-0.0394736842105263
2009-01-02,0.0
2009-01-05,0.0
2009-01-06,0.0
2009-01-07,0.0
2009-01-08,-0.0136986301369863
2009-01-09,-0.0352941176470588
2009-01-12,0.0
2009-01-13,0.0
2009-01-14,-0.0103092783505154
2009-01-15,0.0
2009-01-16,0.0
2009-01-20,0.0
2009-01-21,-0.0095238095238095
2009-01-22,-0.0285714285714285
2009-01-23,0.0
2009-01-26,-0.018348623853211
2009-01-27,-0.0384615384615384
2009-01-28,0.0
2009-01-29,-0.05
2009-01-30,-0.0571428571428571
2009-02-02,-0.0666666666666666
2009-02-03,-0.0666666666666666
2009-02-04,-0.0566037735849056
2009-02-05,-0.0510204081632653
2009-02-06,-0.0297029702970297
2009-02-09,-0.0294117647058823
2009-02-10,-0.02
2009-02-11,-0.0654205607476635
2009-02-12,-0.06
2009-02-13,-0.0761904761904762
2009-02-17,-0.0970873786407767
2009-02-18,-0.0952380952380952
2009-02-19,-0.1428571428571428
2009-02-20,-0.1666666666666666
2009-02-23,-0.1489361702127659
2009-02-24,-0.1818181818181818
2009-02-25,-0.1511627906976744
2009-02-26,-0.1235955056179775
2009-02-27,-0.1447368421052631
2009-03-02,-0.1829268292682926
2009-03-03,-0.1566265060240964
2009-03-04,-0.1585365853658536
2009-03-05,-0.1511627906976744
2009-03-06,-0.1481481481481481
2009-03-09,-0.1149425287356321
2009-03-10,-0.0515463917525773
2009-03-11,-0.0396039603960396
2009-03-12,-0.029126213592233
2009-03-13,-0.04
2009-03-16,-0.1
2009-03-17,-0.0816326530612244
2009-03-18,-0.06
2009-03-19,-0.1386138613861386
2009-03-20,-0.1578947368421052
2009-03-23,-0.1428571428571428
2009-03-24,-0.1875
2009-03-25,-0.202020202020202
2009-03-26,-0.21
2009-03-27,-0.2473118279569892
2009-03-30,-0.2718446601941747
2009-03-31,-0.29
2009-04-01,-0.2903225806451613
2009-04-02,-0.3052631578947368
2009-04-03,-0.3255813953488372
2009-04-06,-0.3723404255319149
2009-04-07,-0.3548387096774194
2009-04-08,-0.3488372093023256
2009-04-09,-0.3614457831325301
2009-04-13,-0.3333333333333333
2009-04-14,-0.345679012345679
2009-04-15,-0.3023255813953488
2009-04-16,-0.2352941176470588
2009-04-17,-0.2575757575757575
2009-04-20,-0.1392405063291139
2009-04-21,-0.0352941176470588
2009-04-22,-0.0121951219512195
2009-04-23,0.0
2009-04-24,-0.0144927536231884
2009-04-27,-0.0133333333333333
2009-04-28,-0.0277777777777777
2009-04-29,-0.015625
2009-04-30,-0.0169491525423728
2009-05-01,-0.046875
2009-05-04,-0.0181818181818181
2009-05-05,0.0
2009-05-06,-0.0204081632653061
2009-05-07,-0.0416666666666666
2009-05-08,0.0
2009-05-11,0.0
2009-05-12,0.0
2009-05-13,0.0
2009-05-14,0.0
2009-05-15,0.0
2009-05-18,0.0
2009-05-19,0.0
2009-05-20,0.0
2009-05-21,0.0
2009-05-22,0.0
2009-05-26,0.0
2009-05-27,0.0
2009-05-28,0.0
2009-05-29,0.0
2009-06-01,0.0
2009-06-02,0.0
2009-06-03,0.0
2009-06-04,0.0
2009-06-05,0.0
2009-06-08,0.0099009900990099
2009-06-09,0.0104166666666666
2009-06-10,0.0
2009-06-11,0.0093457943925233
2009-06-12,0.0185185185185185
2009-06-15,0.0094339622641509
2009-06-16,0.0
2009-06-17,0.0
2009-06-18,0.0
2009-06-19,0.0
2009-06-22,0.0
2009-06-23,0.0
2009-06-24,0.0
2009-06-25,0.0
2009-06-26,0.0
2009-06-29,0.0
2009-06-30,0.0
2009-07-01,0.0
2009-07-02,0.0
2009-07-06,0.0
2009-07-07,0.0
2009-07-08,0.0
2009-07-09,0.0
2009-07-10,0.0
2009-07-13,0.0
2009-07-14,0.0
2009-07-15,0.0
2009-07-16,0.0
2009-07-17,0.0
2009-07-20,0.0
2009-07-21,0.0
2009-07-22,0.0117647058823529
2009-07-23,0.0
2009-07-24,0.0
2009-07-27,0.0
2009-07-28,0.0
2009-07-29,0.0
2009-07-30,0.0275229357798165
2009-07-31,0.0458715596330275
2009-08-03,0.0091743119266055
2009-08-04,0.0
2009-08-05,0.0
2009-08-06,0.0
2009-08-07,0.0
2009-08-10,0.0588235294117647
2009-08-11,0.0
2009-08-12,0.0219780219780219
2009-08-13,0.0119047619047619
2009-08-14,0.0112359550561797
2009-08-17,0.0238095238095238
2009-08-18,0.0
2009-08-19,0.0
2009-08-20,0.0119047619047619
2009-08-21,0.0
2009-08-24,0.0421052631578947
2009-08-25,0.0674157303370786
2009-08-26,0.0681818181818181
2009-08-27,0.0439560439560439
2009-08-28,0.064516129032258
2009-08-31,0.0344827586206896
2009-09-01,0.0329670329670329
2009-09-02,0.0114942528735632
2009-09-03,0.0119047619047619
2009-09-04,0.0309278350515463
2009-09-08,0.0116279069767441
2009-09-09,0.0106382978723404
2009-09-10,0.0099009900990099
2009-09-11,0.02
2009-09-14,0.0
2009-09-15,0.010204081632653
2009-09-16,0.0103092783505154
2009-09-17,0.0106382978723404
2009-09-18,0.010204081632653
2009-09-21,0.031578947368421
2009-09-22,0.0421052631578947
2009-09-23,0.0306122448979591
2009-09-24,0.0625
2009-09-25,0.0439560439560439
2009-09-28,0.0898876404494382
2009-09-29,0.0869565217391304
2009-09-30,0.0760869565217391
2009-10-01,0.1
2009-10-02,0.0898876404494382
2009-10-05,0.0729166666666666
2009-10-06,0.075268817204301
2009-10-07,0.0515463917525773
2009-10-08,0.043010752688172
2009-10-09,0.043010752688172
2009-10-12,0.0638297872340425
2009-10-13,0.0306122448979591
2009-10-14,0.0425531914893617
2009-10-15,0.0306122448979591
2009-10-16,0.0099009900990099
2009-10-19,0.0776699029126213
2009-10-20,0.043010752688172
2009-10-21,0.019047619047619
2009-10-22,0.0306122448979591
2009-10-23,0.0202020202020202
2009-10-26,0.0109890109890109
2009-10-27,0.0
2009-10-28,0.0108695652173913
2009-10-29,0.0
2009-10-30,0.0119047619047619
2009-11-02,0.0
2009-11-03,0.0
2009-11-04,-0.0217391304347826
2009-11-05,0.0112359550561797
2009-11-06,0.0
2009-11-09,0.0
2009-11-10,0.01
2009-11-11,0.0
2009-11-12,0.0105263157894736
2009-11-13,0.0
2009-11-16,0.0
2009-11-17,0.0
2009-11-18,0.0
2009-11-19,0.018018018018018
2009-11-20,0.0
2009-11-23,0.0178571428571428
2009-11-24,0.0344827586206896
2009-11-25,0.0357142857142857
2009-11-27,0.0265486725663716
2009-11-30,0.0088495575221238
2009-12-01,0.0188679245283018
2009-12-02,0.027027027027027
2009-12-03,0.036036036036036
2009-12-04,0.0186915887850467
2009-12-07,0.0272727272727272
2009-12-08,0.009009009009009
2009-12-09,0.029126213592233
2009-12-10,0.0098039215686274
2009-12-11,0.0
2009-12-14,0.0095238095238095
2009-12-15,0.0186915887850467
2009-12-16,0.0
2009-12-17,0.0
2009-12-18,0.0093457943925233
2009-12-21,0.018348623853211
2009-12-22,0.0
2009-12-23,0.0188679245283018
2009-12-24,0.0089285714285714
2009-12-28,0.0
2009-12-29,0.0096153846153846
2009-12-30,0.0288461538461538
2009-12-31,0.0
2010-01-04,0.019047619047619
2010-01-05,0.0277777777777777
2010-01-06,0.0
2010-01-07,0.0
2010-01-08,0.029126213592233
2010-01-11,0.009090909090909
2010-01-12,0.0
2010-01-13,0.019047619047619
2010-01-14,0.0
2010-01-15,0.0297029702970297
2010-01-19,0.0476190476190476
2010-01-20,0.0185185185185185
2010-01-21,0.019047619047619
2010-01-22,0.0097087378640776
2010-01-25,0.0098039215686274
2010-01-26,0.0
2010-01-27,0.0104166666666666
2010-01-28,0.0
2010-01-29,0.0
2010-02-01,0.0
2010-02-02,0.0
2010-02-03,0.0112359550561797
2010-02-04,0.0212765957446808
2010-02-05,0.0
2010-02-08,0.0
2010-02-09,0.0111111111111111
2010-02-10,0.0
2010-02-11,0.0
2010-02-12,0.0
2010-02-16,0.0
2010-02-17,0.0
2010-02-18,0.0
2010-02-19,0.0
2010-02-22,0.0
2010-02-23,0.0
2010-02-24,0.0
2010-02-25,0.0
2010-02-26,0.0
2010-03-01,0.0
2010-03-02,0.0
2010-03-03,0.0
2010-03-04,0.0
2010-03-05,0.0
2010-03-08,0.0
2010-03-09,0.0099009900990099
2010-03-10,0.0
2010-03-11,0.0109890109890109
2010-03-12,0.0
2010-03-15,0.0
2010-03-16,0.0
2010-03-17,0.0208333333333333
2010-03-18,0.0204081632653061
2010-03-19,0.0
2010-03-22,0.0104166666666666
2010-03-23,0.0202020202020202
2010-03-24,0.0412371134020618
2010-03-25,0.0
2010-03-26,0.0
2010-03-29,0.0439560439560439
2010-03-30,0.0294117647058823
2010-03-31,0.0219780219780219
2010-04-01,0.043010752688172
2010-04-05,0.0918367346938775
2010-04-06,0.1170212765957446
2010-04-07,0.08
2010-04-08,0.0769230769230769
2010-04-09,0.1226415094339622
2010-04-12,0.1320754716981132
2010-04-13,0.1415094339622641
2010-04-14,0.1363636363636363
2010-04-15,0.1944444444444444
2010-04-16,0.1203703703703703
2010-04-19,0.1559633027522936
2010-04-20,0.1176470588235294
2010-04-21,0.1376146788990825
2010-04-22,0.1683168316831683
2010-04-23,0.1559633027522936
2010-04-26,0.1775700934579439
2010-04-27,0.116504854368932
2010-04-28,0.0952380952380952
2010-04-29,0.0666666666666666
2010-04-30,0.1212121212121212
2010-05-03,0.1
2010-05-04,0.0857142857142857
2010-05-05,0.0408163265306122
2010-05-06,0.0714285714285714
2010-05-07,0.03
2010-05-10,0.0210526315789473
2010-05-11,0.0571428571428571
2010-05-12,0.0294117647058823
2010-05-13,0.0217391304347826
2010-05-14,0.0109890109890109
2010-05-17,0.021505376344086
2010-05-18,0.0224719101123595
2010-05-19,0.0
2010-05-20,0.0104166666666666
2010-05-21,0.0
2010-05-24,0.0
2010-05-25,0.0120481927710843
2010-05-26,0.0
2010-05-27,0.0
2010-05-28,0.0
2010-06-01,0.0
2010-06-02,0.0
2010-06-03,0.0
2010-06-04,0.0
2010-06-07,-0.0076028622540251015
2010-06-08,0.0125
2010-06-09,-0.0166666666666666
2010-06-10,0.0
2010-06-11,0.0
2010-06-14,0.0
2010-06-15,0.0
2010-06-16,0.0
2010-06-17,0.0
2010-06-18,0.0
2010-06-21,0.0
2010-06-22,0.0
2010-06-23,0.0
2010-06-24,0.0
2010-06-25,0.0
2010-06-28,0.0
2010-06-29,0.0
2010-06-30,0.0
2010-07-01,0.0
2010-07-02,0.0
2010-07-06,0.0
2010-07-07,0.0
2010-07-08,0.0
2010-07-09,0.0
2010-07-12,0.0
2010-07-13,0.0
2010-07-14,0.0
2010-07-15,0.0
2010-07-16,0.0
2010-07-19,0.0
2010-07-20,0.0
2010-07-21,0.0
2010-07-22,0.0
2010-07-23,0.0
2010-07-26,0.0
2010-07-27,0.0
2010-07-28,0.0
2010-07-29,0.0
2010-07-30,0.0
2010-08-02,0.0289855072463768
2010-08-03,0.0
2010-08-04,0.0125
2010-08-05,0.0131578947368421
2010-08-06,0.0
2010-08-09,0.0
2010-08-10,0.0
2010-08-11,0.0
2010-08-12,0.0
2010-08-13,0.0128205128205128
2010-08-16,0.0
2010-08-17,0.0114942528735632
2010-08-18,0.0
2010-08-19,0.0
2010-08-20,0.0
2010-08-23,0.0
2010-08-24,0.0120481927710843
2010-08-25,0.0
2010-08-26,0.0
2010-08-27,0.0
2010-08-30,0.0
2010-08-31,0.0
2010-09-01,0.0
2010-09-02,0.0
2010-09-03,0.0
2010-09-07,0.0
2010-09-08,0.0
2010-09-09,0.010752688172043
2010-09-10,0.0108695652173913
2010-09-13,0.010752688172043
2010-09-14,0.0
2010-09-15,0.0
2010-09-16,0.0
2010-09-17,0.0
2010-09-20,0.0
2010-09-21,0.0
2010-09-22,0.0
2010-09-23,0.0
2010-09-24,0.0
2010-09-27,0.0
2010-09-28,0.0098039215686274
2010-09-29,0.0
2010-09-30,0.0099009900990099
2010-10-01,0.0
2010-10-04,0.0103092783505154
2010-10-05,0.0
2010-10-06,0.010204081632653
2010-10-07,0.010752688172043
2010-10-08,0.0217391304347826
2010-10-11,0.0113636363636363
2010-10-12,0.0235294117647058
2010-10-13,0.0
2010-10-14,0.0
2010-10-15,0.0229885057471264
2010-10-18,0.0112359550561797
2010-10-19,0.0
2010-10-20,0.0
2010-10-21,0.0
2010-10-22,0.0
2010-10-25,0.0375
2010-10-26,0.0238095238095238
2010-10-27,0.0116279069767441
2010-10-28,0.0
2010-10-29,0.0
2010-11-01,0.05
2010-11-02,0.0705882352941176
2010-11-03,0.0705882352941176
2010-11-04,0.0823529411764705
2010-11-05,0.1063829787234042
2010-11-08,0.1444444444444444
2010-11-09,0.1318681318681318
2010-11-10,0.1777777777777777
2010-11-11,0.2022471910112359
2010-11-12,0.188235294117647
2010-11-15,0.1325301204819277
2010-11-16,0.0666666666666666
2010-11-17,0.0512820512820512
2010-11-18,0.0649350649350649
2010-11-19,0.0253164556962025
2010-11-22,0.073170731707317
2010-11-23,0.0779220779220779
2010-11-24,0.0769230769230769
2010-11-26,0.1025641025641025
2010-11-29,0.1097560975609756
2010-11-30,0.0987654320987654
2010-12-01,0.1264367816091954
2010-12-02,0.1136363636363636
2010-12-03,0.0804597701149425
2010-12-06,0.0888888888888888
2010-12-07,0.0777777777777777
2010-12-08,0.1123595505617977
2010-12-09,0.1585365853658536
2010-12-10,0.1034482758620689
2010-12-13,0.2333333333333333
2010-12-14,0.1363636363636363
2010-12-15,0.1395348837209302
2010-12-16,0.1058823529411764
2010-12-17,0.1585365853658536
2010-12-20,0.2117647058823529
2010-12-21,0.15
2010-12-22,0.127906976744186
2010-12-23,0.1625
2010-12-27,0.180722891566265
2010-12-28,0.1764705882352941
2010-12-29,0.2117647058823529
2010-12-30,0.2023809523809523
2010-12-31,0.2209302325581395
2011-01-03,0.2823529411764706
2011-01-04,0.2976190476190476
2011-01-05,0.2921348314606741
2011-01-06,0.3222222222222222
2011-01-07,0.2073170731707317
2011-01-10,0.3333333333333333
2011-01-11,0.3404255319148936
2011-01-12,0.3789473684210526
2011-01-13,0.3406593406593406
2011-01-14,0.3617021276595745
2011-01-18,0.4343434343434343
2011-01-19,0.4065934065934066
2011-01-20,0.38
2011-01-21,0.3440860215053763
2011-01-24,0.3402061855670103
2011-01-25,0.3225806451612903
2011-01-26,0.3977272727272727
2011-01-27,0.4020618556701031
2011-01-28,0.3333333333333333
2011-01-31,0.3793103448275862
2011-02-01,0.3723404255319149
2011-02-02,0.3707865168539326
2011-02-03,0.3723404255319149
2011-02-04,0.375
2011-02-07,0.3434343434343434
2011-02-08,0.3789473684210526
2011-02-09,0.2934782608695652
2011-02-10,0.3535353535353535
2011-02-11,0.3157894736842105
2011-02-14,0.3608247422680412
2011-02-15,0.3163265306122449
2011-02-16,0.3541666666666667
2011-02-17,0.36
2011-02-18,0.4242424242424242
2011-02-22,0.4468085106382978
2011-02-23,0.3723404255319149
2011-02-24,0.3838383838383838
2011-02-25,0.4
2011-02-28,0.4183673469387755
2011-03-01,0.3297872340425531
2011-03-02,0.3033707865168539
2011-03-03,0.3820224719101123
2011-03-04,0.391304347826087
2011-03-07,0.3626373626373626
2011-03-08,0.3820224719101123
2011-03-09,0.358695652173913
2011-03-10,0.3043478260869565
2011-03-11,0.2613636363636363
2011-03-14,0.3295454545454545
2011-03-15,0.3048780487804878
2011-03-16,0.3076923076923077
2011-03-17,0.2911392405063291
2011-03-18,0.247191011235955
2011-03-21,0.2261904761904762
2011-03-22,0.2022471910112359
2011-03-23,0.2142857142857142
2011-03-24,0.1777777777777777
2011-03-25,0.1827956989247312
2011-03-28,0.1720430107526881
2011-03-29,0.2235294117647059
2011-03-30,0.2068965517241379
2011-03-31,0.1875
2011-04-01,0.1720430107526881
2011-04-04,0.2580645161290322
2011-04-05,0.2023809523809523
2011-04-06,0.2065217391304347
2011-04-07,0.1927710843373494
2011-04-08,0.2289156626506024
2011-04-11,0.2317073170731707
2011-04-12,0.2093023255813953
2011-04-13,0.2470588235294117
2011-04-14,0.2289156626506024
2011-04-15,0.1685393258426966
2011-04-18,0.25
2011-04-19,0.2333333333333333
2011-04-20,0.2105263157894736
2011-04-21,0.2087912087912088
2011-04-25,0.3
2011-04-26,0.21875
2011-04-27,0.1976744186046511
2011-04-28,0.1764705882352941
2011-04-29,0.1595744680851064
2011-05-02,0.1978021978021978
2011-05-03,0.1847826086956521
2011-05-04,0.2359550561797752
2011-05-05,0.1875
2011-05-06,0.2105263157894736
2011-05-09,0.2391304347826087
2011-05-10,0.2659574468085106
2011-05-11,0.2528735632183908
2011-05-12,0.2127659574468085
2011-05-13,0.2127659574468085
2011-05-16,0.2755102040816326
2011-05-17,0.2291666666666666
2011-05-18,0.1881188118811881
2011-05-19,0.2323232323232323
2011-05-20,0.28
2011-05-23,0.3263157894736842
2011-05-24,0.2604166666666667
2011-05-25,0.25
2011-05-26,0.3163265306122449
2011-05-27,0.2967032967032967
2011-05-31,0.2745098039215686
2011-06-01,0.3300970873786408
2011-06-02,0.3695652173913043
2011-06-03,0.2903225806451613
2011-06-06,0.2941176470588235
2011-06-07,0.2823529411764706
2011-06-08,0.2738095238095238
2011-06-09,0.2804878048780488
2011-06-10,0.2261904761904762
2011-06-13,0.1818181818181818
2011-06-14,0.1225857311785574
2011-06-15,0.1818181818181818
2011-06-16,0.1625
2011-06-17,0.1625
2011-06-20,0.1466666666666666
2011-06-21,0.1325301204819277
2011-06-22,0.0909090909090909
2011-06-23,0.0909090909090909
2011-06-24,0.1012658227848101
2011-06-27,0.12
2011-06-28,0.0833333333333333
2011-06-29,0.0921052631578947
2011-06-30,0.0759493670886076
2011-07-01,0.0823529411764705
2011-07-05,0.1058823529411764
2011-07-06,0.0543478260869565
2011-07-07,0.0714285714285714
2011-07-08,0.0864197530864197
2011-07-11,0.0736842105263157
2011-07-12,0.0777777777777777
2011-07-13,0.0714285714285714
2011-07-14,0.0705882352941176
2011-07-15,0.075
2011-07-18,0.1011235955056179
2011-07-19,0.0602409638554216
2011-07-20,0.1075268817204301
2011-07-21,0.1489361702127659
2011-07-22,0.1538461538461538
2011-07-25,0.1325301204819277
2011-07-26,0.1505376344086021
2011-07-27,0.1304347826086956
2011-07-28,0.0987654320987654
2011-07-29,0.0705882352941176
2011-08-01,0.1012658227848101
2011-08-02,0.0379746835443038
2011-08-03,0.0405405405405405
2011-08-04,0.0144927536231884
2011-08-05,0.0
2011-08-08,0.0277777777777777
2011-08-09,0.0
2011-08-10,-0.0120481927710843
2011-08-11,0.015625
2011-08-12,0.0
2011-08-15,0.0
2011-08-16,0.0
2011-08-17,0.0
2011-08-18,0.0
2011-08-19,-0.0119047619047619
2011-08-22,-0.0111111111111111
2011-08-23,0.0163934426229508
2011-08-24,-0.0120481927710843
2011-08-25,-0.0105263157894736
2011-08-26,-0.0113636363636363
2011-08-29,0.0
2011-08-30,0.0
2011-08-31,0.0
2011-09-01,0.0
2011-09-02,0.0
2011-09-06,0.006307904592943099
2011-09-07,0.0
2011-09-08,0.0
2011-09-09,0.0196078431372549
2011-09-12,-0.0108695652173913
2011-09-13,0.0
2011-09-14,0.0
2011-09-15,0.0
2011-09-16,0.0
2011-09-19,0.0
2011-09-20,0.0
2011-09-21,0.0
2011-09-22,0.0
2011-09-23,0.0
2011-09-26,0.0
2011-09-27,0.0
2011-09-28,0.0
2011-09-29,0.0
2011-09-30,0.025
2011-10-03,0.0
2011-10-04,-0.009009009009009
2011-10-05,0.0
2011-10-06,0.0
2011-10-07,0.0
2011-10-10,-0.0086206896551724
2011-10-11,0.0
2011-10-12,0.0
2011-10-13,0.0
2011-10-14,0.0
2011-10-17,0.0
2011-10-18,0.015625
2011-10-19,0.0
2011-10-20,0.0
2011-10-21,0.0
2011-10-24,0.0
2011-10-25,0.0
2011-10-26,0.0129870129870129
2011-10-27,0.0172413793103448
2011-10-28,0.0172413793103448
2011-10-31,0.0
2011-11-01,0.0
2011-11-02,0.0
2011-11-03,0.0
2011-11-04,0.0
2011-11-07,0.010204081632653
2011-11-08,0.010752688172043
2011-11-09,0.0210526315789473
2011-11-10,0.0
2011-11-11,0.0
2011-11-14,0.0
2011-11-15,0.0297029702970297
2011-11-16,0.0096153846153846
2011-11-17,0.0
2011-11-18,0.0
2011-11-21,0.03
2011-11-22,0.0103092783505154
2011-11-23,0.0
2011-11-25,0.0
2011-11-28,0.0098039215686274
2011-11-29,0.0319148936170212
2011-11-30,0.0094339622641509
2011-12-01,0.0192307692307692
2011-12-02,0.0297029702970297
2011-12-05,0.036697247706422
2011-12-06,0.0101010101010101
2011-12-07,0.0309278350515463
2011-12-08,0.0384615384615384
2011-12-09,0.0404040404040404
2011-12-12,0.0388349514563106
2011-12-13,0.0462962962962962
2011-12-14,0.0210526315789473
2011-12-15,0.0392156862745098
2011-12-16,0.0412371134020618
2011-12-19,0.0707070707070707
2011-12-20,0.0396039603960396
2011-12-21,0.048076923076923
2011-12-22,0.0515463917525773
2011-12-23,0.0631578947368421
2011-12-27,0.0761904761904762
2011-12-28,0.0612244897959183
2011-12-29,0.0648148148148148
2011-12-30,0.0693069306930693
2012-01-03,0.0754716981132075
2012-01-04,0.0714285714285714
2012-01-05,0.0693069306930693
2012-01-06,0.0648148148148148
2012-01-09,0.0467289719626168
2012-01-10,0.0392156862745098
2012-01-11,0.0571428571428571
2012-01-12,0.036697247706422
2012-01-13,0.0909090909090909
2012-01-17,0.0625
2012-01-18,0.0560747663551401
2012-01-19,0.0612244897959183
2012-01-20,0.0686274509803921
2012-01-23,0.06
2012-01-24,0.03
2012-01-25,0.0510204081632653
2012-01-26,0.0612244897959183
2012-01-27,0.09
2012-01-30,0.03
2012-01-31,0.0510204081632653
2012-02-01,0.0408163265306122
2012-02-02,0.0485436893203883
2012-02-03,0.1132075471698113
2012-02-06,0.0666666666666666
2012-02-07,0.0648148148148148
2012-02-08,0.0476190476190476
2012-02-09,0.0825688073394495
2012-02-10,0.1009174311926605
2012-02-13,0.0818181818181818
2012-02-14,0.0660377358490566
2012-02-15,0.0476190476190476
2012-02-16,0.0526315789473684
2012-02-17,0.0925925925925925
2012-02-21,0.0555555555555555
2012-02-22,0.0095238095238095
2012-02-23,0.0275229357798165
2012-02-24,0.0285714285714285
2012-02-27,0.0727272727272727
2012-02-28,0.0377358490566037
2012-02-29,0.0377358490566037
2012-03-01,0.0392156862745098
2012-03-02,0.019047619047619
2012-03-05,0.0096153846153846
2012-03-06,0.0476190476190476
2012-03-07,0.0094339622641509
2012-03-08,0.0095238095238095
2012-03-09,0.0089285714285714
2012-03-12,0.0093457943925233
2012-03-13,0.0275229357798165
2012-03-14,0.0277777777777777
2012-03-15,0.0091743119266055
2012-03-16,0.0648148148148148
2012-03-19,0.045045045045045
2012-03-20,0.0636363636363636
2012-03-21,0.045045045045045
2012-03-22,0.0092592592592592
2012-03-23,0.0178571428571428
2012-03-26,0.036697247706422
2012-03-27,0.0625
2012-03-28,0.063063063063063
2012-03-29,0.0277777777777777
2012-03-30,0.0373831775700934
2012-04-02,0.0619469026548672
2012-04-03,0.054054054054054
2012-04-04,0.0442477876106194
2012-04-05,0.0285714285714285
2012-04-09,0.0476190476190476
2012-04-10,0.0198019801980198
2012-04-11,0.0202020202020202
2012-04-12,0.0490196078431372
2012-04-13,0.0
2012-04-16,0.0194174757281553
2012-04-17,0.0363636363636363
2012-04-18,0.0263157894736842
2012-04-19,0.0267857142857142
2012-04-20,0.009090909090909
2012-04-23,0.0
2012-04-24,0.0
2012-04-25,0.0
2012-04-26,0.0084745762711864
2012-04-27,0.0
2012-04-30,0.0
2012-05-01,0.0
2012-05-02,0.017094017094017
2012-05-03,0.0263157894736842
2012-05-04,0.036697247706422
2012-05-07,0.0508474576271186
2012-05-08,0.0260869565217391
2012-05-09,0.0
2012-05-10,0.0
2012-05-11,0.0
2012-05-14,0.0096153846153846
2012-05-15,0.019047619047619
2012-05-16,0.0198019801980198
2012-05-17,0.0392156862745098
2012-05-18,0.0421052631578947
2012-05-21,0.0319148936170212
2012-05-22,0.032258064516129
2012-05-23,0.0425531914893617
2012-05-24,0.0222222222222222
2012-05-25,0.010752688172043
2012-05-29,0.0652173913043478
2012-05-30,0.0106382978723404
2012-05-31,0.0505050505050505
2012-06-01,0.0109890109890109
2012-06-04,0.032258064516129
2012-06-05,0.009828788839568798
2012-06-06,0.0434782608695652
2012-06-07,0.0217391304347826
2012-06-08,-0.019776714513556698
2012-06-11,0.032258064516129
2012-06-12,0.0222222222222222
2012-06-13,0.0224719101123595
2012-06-14,0.0329670329670329
2012-06-15,0.0
2012-06-18,0.0105263157894736
2012-06-19,0.0097087378640776
2012-06-20,0.0181818181818181
2012-06-21,0.009090909090909
2012-06-22,0.009009009009009
2012-06-25,0.0
2012-06-26,0.0181818181818181
2012-06-27,0.0
2012-06-28,0.0
2012-06-29,0.0087719298245614
2012-07-02,0.0
2012-07-03,0.0178571428571428
2012-07-05,0.0
2012-07-06,0.0
2012-07-09,0.0
2012-07-10,0.0
2012-07-11,0.0
2012-07-12,0.0
2012-07-13,0.0
2012-07-16,0.0655737704918032
2012-07-17,0.0423728813559322
2012-07-18,0.0551181102362204
2012-07-19,0.0661157024793388
2012-07-20,0.0403225806451612
2012-07-23,0.0085470085470085
2012-07-24,0.0085470085470085
2012-07-25,0.0084745762711864
2012-07-26,0.0088495575221238
2012-07-27,0.0082644628099173
2012-07-30,0.0967741935483871
2012-07-31,0.1074380165289256
2012-08-01,0.0901639344262295
2012-08-02,0.0833333333333333
2012-08-03,0.1023622047244094
2012-08-06,0.152
2012-08-07,0.1544715447154471
2012-08-08,0.192
2012-08-09,0.1626016260162601
2012-08-10,0.2063492063492063
2012-08-13,0.216
2012-08-14,0.248
2012-08-15,0.24
2012-08-16,0.2295081967213114
2012-08-17,0.2125984251968504
2012-08-20,0.2357723577235772
2012-08-21,0.2338709677419354
2012-08-22,0.2459016393442623
2012-08-23,0.2295081967213114
2012-08-24,0.203125
2012-08-27,0.232
2012-08-28,0.2540983606557377
2012-08-29,0.2439024390243902
2012-08-30,0.2362204724409448
2012-08-31,0.2170542635658914
2012-09-04,0.2440944881889764
2012-09-05,0.2093023255813953
2012-09-06,0.2769230769230769
2012-09-07,0.2283464566929134
2012-09-10,0.2615384615384615
2012-09-11,0.2461538461538461
2012-09-12,0.2290076335877862
2012-09-13,0.2325581395348837
2012-09-14,0.2307692307692307
2012-09-17,0.2480620155038759
2012-09-18,0.2093023255813953
2012-09-19,0.2137404580152671
2012-09-20,0.1908396946564885
2012-09-21,0.2
2012-09-24,0.2424242424242424
2012-09-25,0.3
2012-09-26,0.3571428571428571
2012-09-27,0.2595419847328244
2012-09-28,0.2677165354330709
2012-10-01,0.3809523809523809
2012-10-02,0.3615384615384615
2012-10-03,0.3875968992248062
2012-10-04,0.3658536585365853
2012-10-05,0.371900826446281
2012-10-08,0.4384615384615384
2012-10-09,0.4435483870967742
2012-10-10,0.4462809917355372
2012-10-11,0.4416666666666666
2012-10-12,0.4710743801652892
2012-10-15,0.4590163934426229
2012-10-16,0.4166666666666667
2012-10-17,0.4516129032258064
2012-10-18,0.4188034188034188
2012-10-19,0.4583333333333333
2012-10-22,0.4601769911504424
2012-10-23,0.4655172413793103
2012-10-24,0.4594594594594595
2012-10-25,0.4761904761904761
2012-10-26,0.4770642201834862
2012-10-31,0.4864864864864865
2012-11-01,0.4722222222222222
2012-11-02,0.4363636363636363
2012-11-05,0.4953271028037383
2012-11-06,0.4196428571428571
2012-11-07,0.3928571428571428
2012-11-08,0.4285714285714285
2012-11-09,0.4299065420560747
2012-11-12,0.4607843137254901
2012-11-13,0.3660714285714285
2012-11-14,0.3669724770642202
2012-11-15,0.3786407766990291
2012-11-16,0.4455445544554455
2012-11-19,0.4259259259259259
2012-11-20,0.3693693693693693
2012-11-21,0.3153153153153153
2012-11-23,0.3070175438596491
2012-11-26,0.324074074074074
2012-11-27,0.2727272727272727
2012-11-28,0.2894736842105263
2012-11-29,0.2654867256637168
2012-11-30,0.3363636363636363
2012-12-03,0.3083333333333333
2012-12-04,0.2231404958677686
2012-12-05,0.25
2012-12-06,0.2540983606557377
2012-12-07,0.2773109243697479
2012-12-10,0.2051282051282051
2012-12-11,0.2333333333333333
2012-12-12,0.2389380530973451
2012-12-13,0.2389380530973451
2012-12-14,0.2327586206896551
2012-12-17,0.2966101694915254
2012-12-18,0.2807017543859649
2012-12-19,0.275
2012-12-20,0.219298245614035
2012-12-21,0.1875
2012-12-24,0.3055555555555556
2012-12-26,0.219298245614035
2012-12-27,0.1637931034482758
2012-12-28,0.2
2012-12-31,0.1724137931034483
2013-01-02,0.2212389380530973
2013-01-03,0.1896551724137931
2013-01-04,0.2564102564102564
2013-01-07,0.2
2013-01-08,0.219298245614035
2013-01-09,0.1637931034482758
2013-01-10,0.25
2013-01-11,0.1666666666666666
2013-01-14,0.2162162162162162
2013-01-15,0.2019230769230769
2013-01-16,0.1666666666666666
2013-01-17,0.2166666666666666
2013-01-18,0.2410714285714285
2013-01-22,0.2300884955752212
2013-01-23,0.2429906542056074
2013-01-24,0.2946428571428571
2013-01-25,0.2242990654205607
2013-01-28,0.2543859649122807
2013-01-29,0.2831858407079646
2013-01-30,0.2678571428571428
2013-01-31,0.2476190476190476
2013-02-01,0.2110091743119266
2013-02-04,0.2432432432432432
2013-02-05,0.2478632478632478
2013-02-06,0.25
2013-02-07,0.2711864406779661
2013-02-08,0.2566371681415929
2013-02-11,0.2142857142857142
2013-02-12,0.2327586206896551
2013-02-13,0.2946428571428571
2013-02-14,0.282051282051282
2013-02-15,0.3272727272727272
2013-02-19,0.3539823008849557
2013-02-20,0.2543859649122807
2013-02-21,0.3193277310924369
2013-02-22,0.2363636363636363
2013-02-25,0.2181818181818181
2013-02-26,0.2566371681415929
2013-02-27,0.211864406779661
2013-02-28,0.2105263157894736
2013-03-01,0.2347826086956521
2013-03-04,0.1818181818181818
2013-03-05,0.2568807339449541
2013-03-06,0.174757281553398
2013-03-07,0.2033898305084746
2013-03-08,0.3
2013-03-11,0.3211009174311927
2013-03-12,0.3363636363636363
2013-03-13,0.3482142857142857
2013-03-14,0.2818181818181818
2013-03-15,0.3553719008264462
2013-03-18,0.4615384615384615
2013-03-19,0.4132231404958678
2013-03-20,0.4396551724137931
2013-03-21,0.4369747899159664
2013-03-22,0.4214876033057851
2013-03-25,0.5546875
2013-03-26,0.5166666666666667
2013-03-27,0.5725806451612904
2013-03-28,0.5564516129032258
2013-04-01,0.5873015873015873
2013-04-02,0.5254237288135594
2013-04-03,0.4396551724137931
2013-04-04,0.4576271186440678
2013-04-05,0.5391304347826087
2013-04-08,0.4132231404958678
2013-04-09,0.492063492063492
2013-04-10,0.5
2013-04-11,0.5619834710743802
2013-04-12,0.5289256198347108
2013-04-15,0.532258064516129
2013-04-16,0.5040650406504065
2013-04-17,0.584070796460177
2013-04-18,0.5263157894736842
2013-04-19,0.4128440366972477
2013-04-22,0.4504504504504504
2013-04-23,0.4615384615384615
2013-04-24,0.4196428571428571
2013-04-25,0.4818181818181818
2013-04-26,0.5462184873949579
2013-04-29,0.4827586206896552
2013-04-30,0.4833333333333333
2013-05-01,0.4700854700854701
2013-05-02,0.4732142857142857
2013-05-03,0.5130434782608696
2013-05-06,0.5
2013-05-07,0.4953271028037383
2013-05-08,0.5221238938053098
2013-05-09,0.5221238938053098
2013-05-10,0.4741379310344827
2013-05-13,0.4464285714285714
2013-05-14,0.490566037735849
2013-05-15,0.4869565217391304
2013-05-16,0.4642857142857143
2013-05-17,0.5294117647058824
2013-05-20,0.5416666666666666
2013-05-21,0.5648148148148148
2013-05-22,0.4695652173913043
2013-05-23,0.4732142857142857
2013-05-24,0.4175824175824176
2013-05-28,0.4646464646464646
2013-05-29,0.4368932038834951
2013-05-30,0.4466019417475728
2013-05-31,0.4117647058823529
2013-06-03,0.4673913043478261
2013-06-04,0.3695652173913043
2013-06-05,0.3956043956043956
2013-06-06,0.3617021276595745
2013-06-07,0.3020833333333333
2013-06-10,0.2857142857142857
2013-06-11,0.2804878048780488
2013-06-12,0.3214285714285714
2013-06-13,0.2988505747126437
2013-06-14,0.2558139534883721
2013-06-17,0.2261904761904762
2013-06-18,0.1782178217821782
2013-06-19,0.2771084337349397
2013-06-20,0.3563218390804598
2013-06-21,0.2345679012345679
2013-06-24,0.2528735632183908
2013-06-25,0.2597402597402597
2013-06-26,0.2117647058823529
2013-06-27,0.1973684210526315
2013-06-28,0.1818181818181818
2013-07-01,0.1511627906976744
2013-07-02,0.1290322580645161
2013-07-03,0.1666666666666666
2013-07-05,0.146067415730337
2013-07-08,0.1458333333333333
2013-07-09,0.0679611650485436
2013-07-10,0.1546391752577319
2013-07-11,0.1153846153846153
2013-07-12,0.1153846153846153
2013-07-15,0.1271186440677966
2013-07-16,0.0943396226415094
2013-07-17,0.1157894736842105
2013-07-18,0.0869565217391304
2013-07-19,0.1020408163265306
2013-07-22,0.125
2013-07-23,0.1162790697674418
2013-07-24,0.1222222222222222
2013-07-25,0.1612903225806451
2013-07-26,0.1444444444444444
2013-07-29,0.1511627906976744
2013-07-30,0.1111111111111111
2013-07-31,0.1847826086956521
2013-08-01,0.1477272727272727
2013-08-02,0.2298850574712643
2013-08-05,0.2333333333333333
2013-08-06,0.2183908045977011
2013-08-07,0.2210526315789473
2013-08-08,0.2391304347826087
2013-08-09,0.216867469879518
2013-08-12,0.2222222222222222
2013-08-13,0.1808510638297872
2013-08-14,0.1630434782608695
2013-08-15,0.1566265060240964
2013-08-16,0.1012658227848101
2013-08-19,0.16
2013-08-20,0.125
2013-08-21,0.0547945205479452
2013-08-22,0.0714285714285714
2013-08-23,0.0735294117647058
2013-08-26,0.054054054054054
2013-08-27,0.0869565217391304
2013-08-28,0.0634920634920634
2013-08-29,0.0350877192982456
2013-08-30,0.0192307692307692
2013-09-03,0.0363636363636363
2013-09-04,0.0212765957446808
2013-09-05,0.011805555555555599
2013-09-06,0.0196078431372549
2013-09-09,0.0612244897959183
2013-09-10,0.0416666666666666
2013-09-11,0.1034482758620689
2013-09-12,0.0188679245283018
2013-09-13,0.0769230769230769
2013-09-16,0.0625
2013-09-17,0.0757575757575757
2013-09-18,0.0140845070422535
2013-09-19,0.0289855072463768
2013-09-20,0.027027027027027
2013-09-23,0.0365853658536585
2013-09-24,0.0657894736842105
2013-09-25,0.0777777777777777
2013-09-26,0.0348837209302325
2013-09-27,0.0389610389610389
2013-09-30,0.0697674418604651
2013-10-01,0.0344827586206896
2013-10-02,0.1136363636363636
2013-10-03,0.0493827160493827
2013-10-04,0.1518987341772152
2013-10-07,0.1071428571428571
2013-10-08,0.1463414634146341
2013-10-09,0.1184210526315789
2013-10-10,0.1627906976744186
2013-10-11,0.1818181818181818
2013-10-14,0.1447368421052631
2013-10-15,0.1666666666666666
2013-10-16,0.2588235294117647
2013-10-17,0.1529411764705882
2013-10-18,0.1265822784810126
2013-10-21,0.1052631578947368
2013-10-22,0.0675675675675675
2013-10-23,0.0422535211267605
2013-10-24,0.0606060606060606
2013-10-25,0.0344827586206896
2013-10-28,0.0163934426229508
2013-10-29,0.0657894736842105
2013-10-30,0.054054054054054
2013-10-31,0.0416666666666666
2013-11-01,0.0303030303030303
2013-11-04,0.0394736842105263
2013-11-05,0.0389610389610389
2013-11-06,0.0555555555555555
2013-11-07,0.0394736842105263
2013-11-08,0.0898876404494382
2013-11-11,0.0365853658536585
2013-11-12,0.028169014084507
2013-11-13,0.0384615384615384
2013-11-14,0.1204819277108433
2013-11-15,0.1038961038961039
2013-11-18,0.3243243243243243
2013-11-19,0.2837837837837837
2013-11-20,0.2352941176470588
2013-11-21,0.2352941176470588
2013-11-22,0.2
2013-11-25,0.3411764705882353
2013-11-26,0.3012048192771084
2013-11-27,0.3033707865168539
2013-11-29,0.3218390804597701
2013-12-02,0.2747252747252747
2013-12-03,0.2906976744186046
2013-12-04,0.1111111111111111
2013-12-05,0.0823529411764705
2013-12-06,0.0434782608695652
2013-12-09,0.0229885057471264
2013-12-10,0.0454545454545454
2013-12-11,0.0454545454545454
2013-12-12,0.0470588235294117
2013-12-13,0.0238095238095238
2013-12-16,0.0114942528735632
2013-12-17,0.0238095238095238
2013-12-18,0.024390243902439
2013-12-19,0.0
2013-12-20,0.0476190476190476
2013-12-23,0.057471264367816
2013-12-24,0.1046511627906976
2013-12-26,0.1123595505617977
2013-12-27,0.1222222222222222
2013-12-30,0.1770833333333333
2013-12-31,0.1684210526315789
2014-01-02,0.2604166666666667
2014-01-03,0.2631578947368421
2014-01-06,0.3773584905660377
2014-01-07,0.3627450980392157
2014-01-08,0.404040404040404
2014-01-09,0.3473684210526316
2014-01-10,0.2959183673469387
2014-01-13,0.375
2014-01-14,0.320754716981132
2014-01-15,0.4
2014-01-16,0.3396226415094339
2014-01-17,0.3061224489795918
2014-01-21,0.3773584905660377
2014-01-22,0.3551401869158878
2014-01-23,0.375
2014-01-24,0.3465346534653465
2014-01-27,0.2884615384615384
2014-01-28,0.3191489361702128
2014-01-29,0.3298969072164948
2014-01-30,0.2526315789473684
2014-01-31,0.3238095238095238
2014-02-03,0.1237113402061855
2014-02-04,0.1333333333333333
2014-02-05,0.0987654320987654
2014-02-06,0.1011235955056179
2014-02-07,0.1046511627906976
2014-02-10,0.0705882352941176
2014-02-11,0.0842105263157894
2014-02-12,0.0444444444444444
2014-02-13,0.0618556701030927
2014-02-14,0.0824742268041237
2014-02-18,0.0978260869565217
2014-02-19,0.0792079207920792
2014-02-20,0.0980392156862745
2014-02-21,0.0792079207920792
2014-02-24,0.102803738317757
2014-02-25,0.1121495327102803
2014-02-26,0.1616161616161616
2014-02-27,0.18
2014-02-28,0.2551020408163265
2014-03-03,0.2916666666666667
2014-03-04,0.2692307692307692
2014-03-05,0.303030303030303
2014-03-06,0.28
2014-03-07,0.308411214953271
2014-03-10,0.2924528301886792
2014-03-11,0.3
2014-03-12,0.3431372549019608
2014-03-13,0.3529411764705882
2014-03-14,0.3529411764705882
2014-03-17,0.3762376237623762
2014-03-18,0.3809523809523809
2014-03-19,0.3818181818181818
2014-03-20,0.3714285714285714
2014-03-21,0.3823529411764705
2014-03-24,0.411214953271028
2014-03-25,0.3689320388349514
2014-03-26,0.3783783783783784
2014-03-27,0.3888888888888889
2014-03-28,0.3781512605042016
2014-03-31,0.3925233644859813
2014-04-01,0.396551724137931
2014-04-02,0.4774774774774775
2014-04-03,0.4144144144144144
2014-04-04,0.4821428571428571
2014-04-07,0.4594594594594595
2014-04-08,0.4485981308411215
2014-04-09,0.4705882352941176
2014-04-10,0.4568965517241379
2014-04-11,0.4414414414414414
2014-04-14,0.3879310344827586
2014-04-15,0.4324324324324324
2014-04-16,0.4601769911504424
2014-04-17,0.4196428571428571
2014-04-21,0.4471544715447154
2014-04-22,0.3859649122807017
2014-04-23,0.4424778761061947
2014-04-24,0.4782608695652174
2014-04-25,0.4649122807017544
2014-04-28,0.4234234234234234
2014-04-29,0.4864864864864865
2014-04-30,0.4661016949152542
2014-05-01,0.4745762711864407
2014-05-02,0.4736842105263157
2014-05-05,0.4873949579831932
2014-05-06,0.4310344827586206
2014-05-07,0.3898305084745763
2014-05-08,0.4016393442622951
2014-05-09,0.452991452991453
2014-05-12,0.4741379310344827
2014-05-13,0.4067796610169492
2014-05-14,0.3783783783783784
2014-05-15,0.4655172413793103
2014-05-16,0.4576271186440678
2014-05-19,0.4358974358974359
2014-05-20,0.4117647058823529
2014-05-21,0.4561403508771929
2014-05-22,0.4310344827586206
2014-05-23,0.3833333333333333
2014-05-27,0.4453781512605042
2014-05-28,0.4166666666666667
2014-05-29,0.4649122807017544
2014-05-30,0.4369747899159664
2014-06-02,0.5272727272727272
2014-06-03,0.4621848739495798
2014-06-04,0.4741379310344827
2014-06-05,0.5585585585585585
2014-06-06,0.5217391304347826
2014-06-09,0.5043478260869565
2014-06-10,0.4380165289256198
2014-06-11,0.5555555555555556
2014-06-12,0.543859649122807
2014-06-13,0.4878048780487805
2014-06-16,0.4695652173913043
2014-06-17,0.5483870967741935
2014-06-18,0.4869565217391304
2014-06-19,0.5254237288135594
2014-06-20,0.4827586206896552
2014-06-23,0.4959349593495935
2014-06-24,0.5081967213114754
2014-06-25,0.5040650406504065
2014-06-26,0.4491525423728814
2014-06-27,0.5537190082644629
2014-06-30,0.5
2014-07-01,0.5084745762711864
2014-07-02,0.4482758620689655
2014-07-03,0.4871794871794871
2014-07-07,0.4876033057851239
2014-07-08,0.453781512605042
2014-07-09,0.4098360655737705
2014-07-10,0.3669724770642202
2014-07-11,0.4444444444444444
2014-07-14,0.4576271186440678
2014-07-15,0.4358974358974359
2014-07-16,0.4695652173913043
2014-07-17,0.4285714285714285
2014-07-18,0.4102564102564102
2014-07-21,0.4146341463414634
2014-07-22,0.4957264957264957
2014-07-23,0.4375
2014-07-24,0.3442622950819672
2014-07-25,0.4273504273504273
2014-07-28,0.358974358974359
2014-07-29,0.3675213675213675
2014-07-30,0.3185840707964602
2014-07-31,0.4392523364485981
2014-08-01,0.38
2014-08-04,0.4387755102040816
2014-08-05,0.314894532931554
2014-08-06,0.4065934065934066
2014-08-07,0.26836611802488974
2014-08-08,0.3023255813953488
2014-08-11,0.3191489361702128
2014-08-12,0.3775510204081632
2014-08-13,0.2727272727272727
2014-08-14,0.2718446601941747
2014-08-15,0.2616822429906542
2014-08-18,0.2252252252252252
2014-08-19,0.2660550458715596
2014-08-20,0.2300884955752212
2014-08-21,0.2962962962962963
2014-08-22,0.2407407407407407
2014-08-25,0.2972972972972973
2014-08-26,0.2792792792792792
2014-08-27,0.3302752293577982
2014-08-28,0.3333333333333333
2014-08-29,0.320754716981132
2014-09-02,0.3454545454545454
2014-09-03,0.3047619047619048
2014-09-04,0.3113207547169811
2014-09-05,0.2571428571428571
2014-09-08,0.3364485981308411
2014-09-09,0.3904761904761905
2014-09-10,0.37
2014-09-11,0.3714285714285714
2014-09-12,0.3711340206185567
2014-09-15,0.3529411764705882
2014-09-16,0.3366336633663366
2014-09-17,0.2934782608695652
2014-09-18,0.2631578947368421
2014-09-19,0.2244897959183673
2014-09-22,0.1875
2014-09-23,0.1511627906976744
2014-09-24,0.1325301204819277
2014-09-25,0.2588235294117647
2014-09-26,0.1917808219178082
2014-09-29,0.1264367816091954
2014-09-30,0.1927710843373494
2014-10-01,0.0985915492957746
2014-10-02,0.0921052631578947
2014-10-03,0.1025641025641025
2014-10-06,0.0921052631578947
2014-10-07,0.0985915492957746
2014-10-08,0.1707317073170731
2014-10-09,0.0944094779711218
2014-10-10,0.1232876712328767
2014-10-13,0.0708478513356562
2014-10-14,0.0571428571428571
2014-10-15,0.0551724137931034
2014-10-16,0.0615384615384615
2014-10-17,0.072463768115942
2014-10-20,0.0649350649350649
2014-10-21,0.0140845070422535
2014-10-22,0.1194029850746268
2014-10-23,0.044776119402985
2014-10-24,0.074074074074074
2014-10-27,0.0632911392405063
2014-10-28,0.0246913580246913
2014-10-29,0.057471264367816
2014-10-30,0.0459770114942528
2014-10-31,0.0222222222222222
2014-11-03,0.0520833333333333
2014-11-04,0.0470588235294117
2014-11-05,0.0113636363636363
2014-11-06,0.0222222222222222
2014-11-07,0.0319148936170212
2014-11-10,0.0444444444444444
2014-11-11,0.0721649484536082
2014-11-12,0.1058823529411764
2014-11-13,0.0348837209302325
2014-11-14,0.1170212765957446
2014-11-17,0.0963855421686747
2014-11-18,0.146067415730337
2014-11-19,0.1555555555555555
2014-11-20,0.1555555555555555
2014-11-21,0.2391304347826087
2014-11-24,0.2978723404255319
2014-11-25,0.3118279569892473
2014-11-26,0.268041237113402
2014-11-28,0.2580645161290322
2014-12-01,0.0462962962962962
2014-12-02,0.0217391304347826
2014-12-03,0.0515463917525773
2014-12-04,0.0736842105263157
2014-12-05,0.1683168316831683
2014-12-08,0.2842105263157894
2014-12-09,0.1979166666666666
2014-12-10,0.0804597701149425
2014-12-11,0.064516129032258
2014-12-12,0.0306122448979591
2014-12-15,0.0786516853932584
2014-12-16,0.010752688172043
2014-12-17,0.101010101010101
2014-12-18,0.0449438202247191
2014-12-19,0.1122448979591836
2014-12-22,0.24
2014-12-23,0.3469387755102041
2014-12-24,0.3838383838383838
2014-12-26,0.3775510204081632
2014-12-29,0.4757281553398058
2014-12-30,0.4684684684684684
2014-12-31,0.4653465346534653
2015-01-02,0.4
2015-01-05,0.3939393939393939
2015-01-06,0.2912621359223301
2015-01-07,0.2727272727272727
2015-01-08,0.2788461538461538
2015-01-09,0.2358490566037736
2015-01-12,0.2169811320754717
2015-01-13,0.1473684210526315
2015-01-14,0.1238095238095238
2015-01-15,0.0925925925925925
2015-01-16,0.088235294117647
2015-01-20,0.09009009009009
2015-01-21,0.0612244897959183
2015-01-22,0.0535714285714285
2015-01-23,0.074074074074074
2015-01-26,0.2321428571428571
2015-01-27,0.1801801801801801
2015-01-28,0.160377358490566
2015-01-29,0.2169811320754717
2015-01-30,0.2201834862385321
2015-02-02,0.2521739130434782
2015-02-03,0.2752293577981651
2015-02-04,0.2543859649122807
2015-02-05,0.2636363636363636
2015-02-06,0.25
2015-02-09,0.2358490566037736
2015-02-10,0.2935779816513761
2015-02-11,0.2782608695652174
2015-02-12,0.2844827586206896
2015-02-13,0.287037037037037
2015-02-17,0.3333333333333333
2015-02-18,0.3211009174311927
2015-02-19,0.2857142857142857
2015-02-20,0.2586206896551724
2015-02-23,0.2072072072072072
2015-02-24,0.3185840707964602
2015-02-25,0.2844036697247706
2015-02-26,0.3220338983050847
2015-02-27,0.3534482758620689
2015-03-02,0.336283185840708
2015-03-03,0.3148148148148148
2015-03-04,0.3364485981308411
2015-03-05,0.2718446601941747
2015-03-06,0.1214953271028037
2015-03-09,0.0841121495327102
2015-03-10,0.0576923076923076
2015-03-11,0.0648148148148148
2015-03-12,0.0288461538461538
2015-03-13,0.0485436893203883
2015-03-16,0.0388349514563106
2015-03-17,0.0467289719626168
2015-03-18,0.0283018867924528
2015-03-19,0.0545454545454545
2015-03-20,0.0333333333333333
2015-03-23,0.0086206896551724
2015-03-24,0.0454545454545454
2015-03-25,0.0363636363636363
2015-03-26,0.009090909090909
2015-03-27,0.045045045045045
2015-03-30,0.0427350427350427
2015-03-31,0.0288461538461538
2015-04-01,0.0775862068965517
2015-04-02,0.0175438596491228
2015-04-06,0.1176470588235294
2015-04-07,0.0982142857142857
2015-04-08,0.0666666666666666
2015-04-09,0.0892857142857142
2015-04-10,0.109090909090909
2015-04-13,0.1192660550458715
2015-04-14,0.1363636363636363
2015-04-15,0.1391304347826087
2015-04-16,0.0869565217391304
2015-04-17,0.0884955752212389
2015-04-20,0.087719298245614
2015-04-21,0.055045871559633
2015-04-22,0.0363636363636363
2015-04-23,0.0357142857142857
2015-04-24,0.0353982300884955
2015-04-27,0.0350877192982456
2015-04-28,0.072072072072072
2015-04-29,0.0442477876106194
2015-04-30,0.0462962962962962
2015-05-01,0.048076923076923
2015-05-04,0.0816326530612244
2015-05-05,0.0105263157894736
2015-05-06,0.0104166666666666
2015-05-07,0.0421052631578947
2015-05-08,0.0202020202020202
2015-05-11,0.0476190476190476
2015-05-12,0.0625
2015-05-13,0.0519480519480519
2015-05-14,0.04
2015-05-15,0.048780487804878
2015-05-18,0.0253164556962025
2015-05-19,0.0
2015-05-20,0.028169014084507
2015-05-21,0.0133333333333333
2015-05-22,0.0379746835443038
2015-05-26,0.0259740259740259
2015-05-27,0.0277777777777777
2015-05-28,0.0428571428571428
2015-05-29,0.0
2015-06-01,0.0303030303030303
2015-06-02,0.0149253731343283
2015-06-03,0.0161290322580645
2015-06-04,0.0
2015-06-05,0.0217391304347826
2015-06-08,0.0212765957446808
2015-06-09,0.010750279955207198
2015-06-10,0.0227272727272727
2015-06-11,0.0
2015-06-12,0.0
2015-06-15,0.0
2015-06-16,0.0208333333333333
2015-06-17,0.0
2015-06-18,0.0204081632653061
2015-06-19,0.0
2015-06-22,0.0
2015-06-23,0.0
2015-06-24,0.0
2015-06-25,0.0
2015-06-26,0.0
2015-06-29,0.0
2015-06-30,0.0
2015-07-01,0.0
2015-07-02,0.0
2015-07-06,0.0
2015-07-07,0.0
2015-07-08,0.0
2015-07-09,0.0
2015-07-10,-0.0087719298245614
2015-07-13,0.0
2015-07-14,0.0
2015-07-15,0.0
2015-07-16,0.0
2015-07-17,0.0
2015-07-20,0.0
2015-07-21,0.0
2015-07-22,0.0
2015-07-23,0.0
2015-07-24,0.0
2015-07-27,0.0
2015-07-28,0.0
2015-07-29,0.0
2015-07-30,0.0
2015-07-31,0.0
2015-08-03,0.0
2015-08-04,0.0
2015-08-05,0.0
2015-08-06,0.0
2015-08-07,0.0
2015-08-10,0.0
2015-08-11,0.0
2015-08-12,0.0
2015-08-13,0.0
2015-08-14,0.0
2015-08-17,0.0
2015-08-18,0.0
2015-08-19,0.0
2015-08-20,0.0
2015-08-21,0.0
2015-08-24,0.0
2015-08-25,0.0
2015-08-26,0.0
2015-08-27,0.0
2015-08-28,0.0
2015-08-31,-0.0103092783505154
2015-09-01,-0.0192307692307692
2015-09-02,-0.0196078431372549
2015-09-03,-0.0093457943925233
2015-09-04,-0.009090909090909
2015-09-08,-0.0192307692307692
2015-09-09,0.0
2015-09-10,-0.019047619047619
2015-09-11,-0.018018018018018
2015-09-14,-0.018018018018018
2015-09-15,-0.02803738317757
2015-09-16,0.0
2015-09-17,0.0
2015-09-18,0.0
2015-09-21,0.0
2015-09-22,-0.0091743119266055
2015-09-23,-0.0175438596491228
2015-09-24,0.0
2015-09-25,0.0
2015-09-28,-0.0086206896551724
2015-09-29,-0.008695652173913
2015-09-30,-0.0084745762711864
2015-10-01,-0.0336134453781512
2015-10-02,-0.0081967213114754
2015-10-05,-0.017094017094017
2015-10-06,-0.0306122448979591
2015-10-07,-0.0121951219512195
2015-10-08,-0.0277777777777777
2015-10-09,-0.0169491525423728
2015-10-12,0.0
2015-10-13,0.0
2015-10-14,0.0
2015-10-15,0.0
2015-10-16,0.0
2015-10-19,0.0
2015-10-20,0.0
2015-10-21,0.0
2015-10-22,0.0
2015-10-23,0.0
2015-10-26,0.0
2015-10-27,0.0
2015-10-28,0.0
2015-10-29,0.0
2015-10-30,0.0
2015-11-02,0.0219780219780219
2015-11-03,0.021505376344086
2015-11-04,0.0109890109890109
2015-11-05,0.0114942528735632
2015-11-06,0.0
2015-11-09,0.0
2015-11-10,0.0
2015-11-11,0.0
2015-11-12,0.0
2015-11-13,0.0
2015-11-16,0.0
2015-11-17,0.0
2015-11-18,0.0
2015-11-19,0.0
2015-11-20,0.0
2015-11-23,0.0
2015-11-24,0.0
2015-11-25,0.0
2015-11-27,0.0
2015-11-30,0.0
2015-12-01,0.0
2015-12-02,0.0
2015-12-03,0.0
2015-12-04,0.0
2015-12-07,0.0
2015-12-08,0.0
2015-12-09,0.0
2015-12-10,0.0
2015-12-11,0.0
2015-12-14,0.0
2015-12-15,0.0
2015-12-16,0.0
2015-12-17,0.0
2015-12-18,0.0
2015-12-21,0.0
2015-12-22,0.0
2015-12-23,0.0
2015-12-24,0.0
2015-12-28,0.0
2015-12-29,0.0
2015-12-30,0.0
2015-12-31,0.0
2016-01-04,0.0
2016-01-05,0.0
2016-01-06,0.0
2016-01-07,0.0
2016-01-08,0.0
2016-01-11,0.0
2016-01-12,0.0
2016-01-13,0.0
2016-01-14,0.0
2016-01-15,0.0
2016-01-19,0.0
2016-01-20,-0.0095238095238095
2016-01-21,0.0
2016-01-22,0.0
2016-01-25,-0.0095238095238095
2016-01-26,0.0
2016-01-27,0.0
2016-01-28,0.0
2016-01-29,0.0
2016-02-01,0.0
2016-02-02,0.0
2016-02-03,-0.0111111111111111
2016-02-04,0.0
2016-02-05,-0.0106382978723404
2016-02-08,0.0
2016-02-09,0.0
2016-02-10,0.0
2016-02-11,0.0
2016-02-12,0.0
2016-02-16,-0.0099009900990099
2016-02-17,0.0
2016-02-18,-0.0103092783505154
2016-02-19,0.0
2016-02-22,0.0
2016-02-23,0.0
2016-02-24,0.0
2016-02-25,0.0
2016-02-26,0.0
2016-02-29,-0.010752688172043
2016-03-01,0.0
2016-03-02,0.0
2016-03-03,0.0
2016-03-04,0.0
2016-03-07,0.0
2016-03-08,0.0
2016-03-09,0.0
2016-03-10,0.0
2016-03-11,0.0
2016-03-14,0.0
2016-03-15,0.0
2016-03-16,0.0
2016-03-17,0.0
2016-03-18,0.0
2016-03-21,0.0
2016-03-22,0.0136986301369863
2016-03-23,0.0
2016-03-24,0.0
2016-03-28,0.0
2016-03-29,0.0
2016-03-30,0.0
2016-03-31,0.0
2016-04-01,0.0128205128205128
2016-04-04,0.0
2016-04-05,0.0
2016-04-06,0.0126582278481012
2016-04-07,0.0
2016-04-08,0.0
2016-04-11,0.025
2016-04-12,0.0
2016-04-13,0.0
2016-04-14,0.0
2016-04-15,0.0114942528735632
2016-04-18,0.0227272727272727
2016-04-19,0.0227272727272727
2016-04-20,0.0111111111111111
2016-04-21,0.0352941176470588
2016-04-22,0.01
2016-04-25,0.0096153846153846
2016-04-26,0.0
2016-04-27,0.0186915887850467
2016-04-28,0.0093457943925233
2016-04-29,0.0093457943925233
2016-05-02,0.0178571428571428
2016-05-03,0.0
2016-05-04,0.0175438596491228
2016-05-05,0.0
2016-05-06,0.0079365079365079
2016-05-09,0.0083333333333333
2016-05-10,0.0085470085470085
2016-05-11,0.0165289256198347
2016-05-12,0.0
2016-05-13,0.024
2016-05-16,0.0238095238095238
2016-05-17,0.0434782608695652
2016-05-18,0.0166666666666666
2016-05-19,0.0238095238095238
2016-05-20,0.024793388429752
2016-05-23,0.0338983050847457
2016-05-24,0.0465116279069767
2016-05-25,0.0538461538461538
2016-05-26,0.0542635658914728
2016-05-27,0.0681818181818181
2016-05-31,0.0300751879699248
2016-06-01,0.037593984962406
2016-06-02,0.0846153846153846
2016-06-03,0.0444444444444444
2016-06-06,0.0155038759689922
2016-06-07,0.0384615384615384
2016-06-08,0.0472440944881889
2016-06-09,0.046875
2016-06-10,0.0396825396825396
2016-06-13,0.0384615384615384
2016-06-14,0.0336134453781512
2016-06-15,0.0236220472440944
2016-06-16,0.0158730158730158
2016-06-17,0.032
2016-06-20,0.0310077519379844
2016-06-21,0.032258064516129
2016-06-22,0.0158730158730158
2016-06-23,0.0157480314960629
2016-06-24,0.0168067226890756
2016-06-27,0.008130081300813
2016-06-28,0.0161290322580645
2016-06-29,0.0080645161290322
2016-06-30,0.0080645161290322
2016-07-01,0.0
2016-07-05,0.0232558139534883
2016-07-06,0.0483870967741935
2016-07-07,0.032
2016-07-08,0.040650406504065
2016-07-11,0.032520325203252
2016-07-12,0.0551181102362204
2016-07-13,0.0416666666666666
2016-07-14,0.0168067226890756
2016-07-15,0.059322033898305
2016-07-18,0.0172413793103448
2016-07-19,0.0333333333333333
2016-07-20,0.017391304347826
2016-07-21,0.0598290598290598
2016-07-22,0.017094017094017
2016-07-25,0.0526315789473684
2016-07-26,0.0701754385964912
2016-07-27,0.0363636363636363
2016-07-28,0.045045045045045
2016-07-29,0.0357142857142857
2016-08-01,0.0196078431372549
2016-08-02,0.0283018867924528
2016-08-03,0.018018018018018
2016-08-04,0.0275229357798165
2016-08-05,0.009009009009009
2016-08-08,0.0265486725663716
2016-08-09,0.009090909090909
2016-08-10,0.009090909090909
2016-08-11,0.0357142857142857
2016-08-12,0.0373831775700934
2016-08-15,0.0283018867924528
2016-08-16,0.0458715596330275
2016-08-17,0.0283018867924528
2016-08-18,0.0642201834862385
2016-08-19,0.018018018018018
2016-08-22,0.036697247706422
2016-08-23,0.009009009009009
2016-08-24,0.0373831775700934
2016-08-25,0.0196078431372549
2016-08-26,0.0178571428571428
2016-08-29,0.027027027027027
2016-08-30,0.0
2016-08-31,0.0
2016-09-01,0.0
2016-09-02,0.0
2016-09-06,0.0106382978723404
2016-09-07,0.0208333333333333
2016-09-08,0.0
2016-09-09,0.0
2016-09-12,0.0
2016-09-13,0.0
2016-09-14,0.0
2016-09-15,0.0
2016-09-16,0.0114942528735632
2016-09-19,0.0
2016-09-20,0.0
2016-09-21,0.0
2016-09-22,0.0
2016-09-23,0.0
2016-09-26,0.0
2016-09-27,0.0
2016-09-28,0.0
2016-09-29,0.0
2016-09-30,0.0
2016-10-03,0.0
2016-10-04,0.0
2016-10-05,0.0
2016-10-06,0.0
2016-10-07,0.0
2016-10-10,0.0
2016-10-11,0.0
2016-10-12,0.0
2016-10-13,0.0
2016-10-14,0.0
2016-10-17,0.0
2016-10-18,0.0
2016-10-19,0.0
2016-10-20,0.0
2016-10-21,0.0
2016-10-24,0.0
2016-10-25,0.0
2016-10-26,0.0
2016-10-27,0.0
2016-10-28,0.0
2016-10-31,-0.0217391304347826
2016-11-01,0.0
2016-11-02,0.0
2016-11-03,0.0
2016-11-04,0.0
2016-11-07,0.0
2016-11-08,0.0
2016-11-09,0.0
2016-11-10,0.0
2016-11-11,0.0
2016-11-14,0.0
2016-11-15,0.0
2016-11-16,0.0
2016-11-17,0.0
2016-11-18,0.0099009900990099
2016-11-21,0.0
2016-11-22,0.0
2016-11-23,0.0
2016-11-25,0.0
2016-11-28,0.0
2016-11-29,0.0
2016-11-30,0.0
2016-12-01,0.0092592592592592
2016-12-02,0.0
2016-12-05,0.0
2016-12-06,0.0
2016-12-07,0.0
2016-12-08,0.0
2016-12-09,0.0
2016-12-12,0.0
2016-12-13,0.0
2016-12-14,0.0
2016-12-15,0.0
2016-12-16,0.0252100840336134
2016-12-19,0.0168067226890756
2016-12-20,0.0166666666666666
2016-12-21,0.042016806722689
2016-12-22,0.024390243902439
2016-12-23,0.0314960629921259
2016-12-27,0.0245901639344262
2016-12-28,0.040983606557377
2016-12-29,0.032
2016-12-30,0.024793388429752
2017-01-03,0.040650406504065
2017-01-04,0.04
2017-01-05,0.0314960629921259
2017-01-06,0.0158730158730158
2017-01-09,0.0236220472440944
2017-01-10,0.0390625
2017-01-11,0.0476190476190476
2017-01-12,0.032
2017-01-13,0.0396825396825396
2017-01-17,0.0305343511450381
2017-01-18,0.04
2017-01-19,0.05
2017-01-20,0.0491803278688524
2017-01-23,0.0491803278688524
2017-01-24,0.04
2017-01-25,0.0403225806451612
2017-01-26,0.065040650406504
2017-01-27,0.048
2017-01-30,0.0416666666666666
2017-01-31,0.0495867768595041
2017-02-01,0.0634920634920634
2017-02-02,0.0666666666666666
2017-02-03,0.081967213114754
2017-02-06,0.1031746031746031
2017-02-07,0.1186440677966101
2017-02-08,0.119047619047619
2017-02-09,0.1393442622950819
2017-02-10,0.1083333333333333
2017-02-13,0.1219512195121951
2017-02-14,0.112
2017-02-15,0.1311475409836065
2017-02-16,0.081967213114754
2017-02-17,0.1259842519685039
2017-02-21,0.0967741935483871
2017-02-22,0.073170731707317
2017-02-23,0.073170731707317
2017-02-24,0.089430894308943
2017-02-27,0.0833333333333333
2017-02-28,0.081967213114754
2017-03-01,0.040983606557377
2017-03-02,0.0666666666666666
2017-03-03,0.0588235294117647
2017-03-06,0.0517241379310344
2017-03-07,0.059322033898305
2017-03-08,0.0833333333333333
2017-03-09,0.0689655172413793
2017-03-10,0.0608695652173913
2017-03-13,0.0727272727272727
2017-03-14,0.0714285714285714
2017-03-15,0.063063063063063
2017-03-16,0.043859649122807
2017-03-17,0.0916666666666666
2017-03-20,0.05
2017-03-21,0.0847457627118644
2017-03-22,0.0833333333333333
2017-03-23,0.0564516129032258
2017-03-24,0.0446428571428571
2017-03-27,0.0560747663551401
2017-03-28,0.0857142857142857
2017-03-29,0.0608695652173913
2017-03-30,0.0934579439252336
2017-03-31,0.0892857142857142
2017-04-03,0.063063063063063
2017-04-04,0.0654205607476635
2017-04-05,0.0462962962962962
2017-04-06,0.0636363636363636
2017-04-07,0.0535714285714285
2017-04-10,0.037037037037037
2017-04-11,0.0476190476190476
2017-04-12,0.0818181818181818
2017-04-13,0.037037037037037
2017-04-17,0.0714285714285714
2017-04-18,0.029126213592233
2017-04-19,0.0446428571428571
2017-04-20,0.0825688073394495
2017-04-21,0.0363636363636363
2017-04-24,0.0353982300884955
2017-04-25,0.036036036036036
2017-04-26,0.045045045045045
2017-04-27,0.0181818181818181
2017-04-28,0.036036036036036
2017-05-01,0.0258620689655172
2017-05-02,0.036036036036036
2017-05-03,0.0283018867924528
2017-05-04,0.0467289719626168
2017-05-05,0.02803738317757
2017-05-08,0.0485436893203883
2017-05-09,0.045045045045045
2017-05-10,0.0476190476190476
2017-05-11,0.037037037037037
2017-05-12,0.0267857142857142
2017-05-15,0.0747663551401869
2017-05-16,0.048076923076923
2017-05-17,0.0666666666666666
2017-05-18,0.0388349514563106
2017-05-19,0.0176991150442477
2017-05-22,0.04
2017-05-23,0.0776699029126213
2017-05-24,0.0446428571428571
2017-05-25,0.0530973451327433
2017-05-26,0.018018018018018
2017-05-30,0.055045871559633
2017-05-31,0.0277777777777777
2017-06-01,0.009090909090909
2017-06-02,0.0608695652173913
2017-06-05,0.037037037037037
2017-06-06,0.0388349514563106
2017-06-07,0.0462962962962962
2017-06-08,0.0560747663551401
2017-06-09,0.0471698113207547
2017-06-12,0.0654205607476635
2017-06-13,0.0784313725490196
2017-06-14,0.0288461538461538
2017-06-15,0.0673076923076923
2017-06-16,0.0660377358490566
2017-06-19,0.0490196078431372
2017-06-20,0.0495049504950495
2017-06-21,0.0686274509803921
2017-06-22,0.0384615384615384
2017-06-23,0.063063063063063
2017-06-26,0.0776699029126213
2017-06-27,0.1538461538461538
2017-06-28,0.0454545454545454
2017-06-29,0.0495049504950495
2017-06-30,0.099009900990099
2017-07-03,0.0761904761904762
2017-07-05,0.0943396226415094
2017-07-06,0.0824742268041237
2017-07-07,0.0792079207920792
2017-07-10,0.0476190476190476
2017-07-11,0.03
2017-07-12,0.0490196078431372
2017-07-13,0.018348623853211
2017-07-14,0.0357142857142857
2017-07-17,0.0384615384615384
2017-07-18,0.0185185185185185
2017-07-19,0.0673076923076923
2017-07-20,0.0555555555555555
2017-07-21,0.1238938053097345
2017-07-24,0.0934579439252336
2017-07-25,0.048076923076923
2017-07-26,0.1428571428571428
2017-07-27,0.1262135922330097
2017-07-28,0.1785714285714285
2017-07-31,0.1504424778761062
2017-08-01,0.1067961165048543
2017-08-02,0.1826923076923076
2017-08-03,0.1834862385321101
2017-08-04,0.1089108910891089
2017-08-07,0.1531531531531531
2017-08-08,0.1171171171171171
2017-08-09,0.1020408163265306
2017-08-10,0.1047619047619047
2017-08-11,0.0792079207920792
2017-08-14,0.07
2017-08-15,0.1428571428571428
2017-08-16,0.1067961165048543
2017-08-17,0.08
2017-08-18,0.0465116279069767
2017-08-21,0.0470588235294117
2017-08-22,0.0659340659340659
2017-08-23,0.0
2017-08-24,0.0714285714285714
2017-08-25,0.0333333333333333
2017-08-28,0.0454545454545454
2017-08-29,0.0425531914893617
2017-08-30,0.0222222222222222
2017-08-31,0.0681818181818181
2017-09-01,0.031578947368421
2017-09-05,0.0421052631578947
2017-09-06,0.0344827586206896
2017-09-07,0.0531914893617021
2017-09-08,0.0543478260869565
2017-09-11,0.06
2017-09-12,0.0631578947368421
2017-09-13,0.0693069306930693
2017-09-14,0.0721649484536082
2017-09-15,0.0416666666666666
2017-09-18,0.0721649484536082
2017-09-19,0.0510204081632653
2017-09-20,0.0729166666666666
2017-09-21,0.0425531914893617
2017-09-22,0.088235294117647
2017-09-25,0.0618556701030927
2017-09-26,0.087378640776699
2017-09-27,0.1523809523809524
2017-09-28,0.1326530612244898
2017-09-29,0.1020408163265306
2017-10-02,0.1523809523809524
2017-10-03,0.1553398058252427
2017-10-04,0.1530612244897959
2017-10-05,0.1313131313131313
2017-10-06,0.1666666666666666
2017-10-09,0.0769230769230769
2017-10-10,0.1089108910891089
2017-10-11,0.101010101010101
2017-10-12,0.1287128712871287
2017-10-13,0.1030927835051546
2017-10-16,0.2
2017-10-17,0.1274509803921568
2017-10-18,0.09
2017-10-19,0.0909090909090909
2017-10-20,0.0505050505050505
2017-10-23,0.09375
2017-10-24,0.1683168316831683
2017-10-25,0.1145833333333333
2017-10-26,0.075268817204301
2017-10-27,0.180722891566265
2017-10-30,0.1290322580645161
2017-10-31,0.0666666666666666
2017-11-01,0.1521739130434782
2017-11-02,0.1382978723404255
2017-11-03,0.1368421052631579
2017-11-06,0.1157894736842105
2017-11-07,0.0707070707070707
2017-11-08,0.1443298969072164
2017-11-09,0.1134020618556701
2017-11-10,0.0851063829787234
2017-11-13,0.1935483870967742
2017-11-14,0.1309523809523809
2017-11-15,0.1744186046511628
2017-11-16,0.1494252873563218
2017-11-17,0.1333333333333333
2017-11-20,0.1046511627906976
2017-11-21,0.0833333333333333
2017-11-22,0.0967741935483871
2017-11-24,0.1847826086956521
2017-11-27,0.1505376344086021
2017-11-28,0.2061855670103092
2017-11-29,0.1263157894736842
2017-11-30,0.2065217391304347
2017-12-01,0.1511627906976744
2017-12-04,0.2048192771084337
2017-12-05,0.1573033707865168
2017-12-06,0.2448979591836734
2017-12-07,0.2427184466019417
2017-12-08,0.2264150943396226
2017-12-11,0.2857142857142857
2017-12-12,0.2234042553191489
2017-12-13,0.2783505154639175
2017-12-14,0.3663366336633663
2017-12-15,0.3258426966292135
2017-12-18,0.3663366336633663
2017-12-19,0.3584905660377358
2017-12-20,0.34
2017-12-21,0.32
2017-12-22,0.3232323232323232
2017-12-26,0.3009708737864077
2017-12-27,0.3714285714285714
2017-12-28,0.330188679245283
2017-12-29,0.3238095238095238
2018-01-02,0.3783783783783784
2018-01-03,0.3513513513513513
2018-01-04,0.330188679245283
2018-01-05,0.3773584905660377
2018-01-08,0.3853211009174312
2018-01-09,0.4220183486238532
2018-01-10,0.4230769230769231
2018-01-11,0.4150943396226415
2018-01-12,0.3738317757009345
2018-01-16,0.3714285714285714
2018-01-17,0.4144144144144144
2018-01-18,0.4181818181818181
2018-01-19,0.4513274336283185
2018-01-22,0.452991452991453
2018-01-23,0.415929203539823
2018-01-24,0.4732142857142857
2018-01-25,0.3805309734513274
2018-01-26,0.4201680672268907
2018-01-29,0.4
2018-01-30,0.3909090909090909
2018-01-31,0.3518518518518518
2018-02-01,0.3454545454545454
2018-02-02,0.3214285714285714
2018-02-05,0.3235294117647059
2018-02-06,0.2473118279569892
2018-02-07,0.25
2018-02-08,0.2527472527472527
2018-02-09,0.2025316455696202
2018-02-12,0.1707317073170731
2018-02-13,0.1666666666666666
2018-02-14,0.1265822784810126
2018-02-15,0.1204819277108433
2018-02-16,0.1379310344827586
2018-02-20,0.1411764705882353
2018-02-21,0.1428571428571428
2018-02-22,0.1358024691358024
2018-02-23,0.1
2018-02-26,0.1025641025641025
2018-02-27,0.1686746987951807
2018-02-28,0.0746268656716417
2018-03-01,0.1111111111111111
2018-03-02,0.1351351351351351
2018-03-05,0.1044776119402985
2018-03-06,0.0641025641025641
2018-03-07,0.0547945205479452
2018-03-08,0.0853658536585365
2018-03-09,0.0416666666666666
2018-03-12,0.0481927710843373
2018-03-13,0.056338028169014
2018-03-14,0.0476190476190476
2018-03-15,0.0689655172413793
2018-03-16,0.108433734939759
2018-03-19,0.0641025641025641
2018-03-20,0.0123456790123456
2018-03-21,0.025
2018-03-22,0.0298507462686567
2018-03-23,0.0
2018-03-26,0.0392156862745098
2018-03-27,0.0666666666666666
2018-03-28,0.0444444444444444
2018-03-29,0.0454545454545454
2018-04-02,0.1363636363636363
2018-04-03,0.0967741935483871
2018-04-04,0.0217391304347826
2018-04-05,0.0263157894736842
2018-04-06,0.0212765957446808
2018-04-09,0.0714285714285714
2018-04-10,0.0512820512820512
2018-04-11,0.024390243902439
2018-04-12,0.0476190476190476
2018-04-13,0.0666666666666666
2018-04-16,0.0196078431372549
2018-04-17,0.0217391304347826
2018-04-18,0.0
2018-04-19,0.0
2018-04-20,0.0
2018-04-23,0.0
2018-04-24,0.0
2018-04-25,0.0
2018-04-26,0.0
2018-04-27,0.0
2018-04-30,0.0185185185185185
2018-05-01,0.0
2018-05-02,0.0
2018-05-03,0.0
2018-05-04,0.0
2018-05-07,0.0
2018-05-08,0.0
2018-05-09,0.0
2018-05-10,0.0
2018-05-11,0.0
2018-05-14,0.0185185185185185
2018-05-15,0.0
2018-05-16,0.0169491525423728
2018-05-17,0.0
2018-05-18,0.0
2018-05-21,0.0
2018-05-22,0.0
2018-05-23,0.0
2018-05-24,0.0
2018-05-25,0.0
2018-05-29,0.0
2018-05-30,0.0
2018-05-31,0.0
2018-06-01,0.0
2018-06-04,0.0
2018-06-05,0.0
2018-06-06,0.0125
2018-06-07,0.0123456790123456
2018-06-08,0.0375
2018-06-11,0.0588235294117647
2018-06-12,0.0365853658536585
2018-06-13,0.072289156626506
2018-06-14,0.0714285714285714
2018-06-15,0.0886075949367088
2018-06-18,0.1411764705882353
2018-06-19,0.1058823529411764
2018-06-20,0.0919540229885057
2018-06-21,0.0941176470588235
2018-06-22,0.0694444444444444
2018-06-25,0.1518987341772152
2018-06-26,0.108433734939759
2018-06-27,0.0875
2018-06-28,0.0823529411764705
2018-06-29,0.1392405063291139
2018-07-02,0.12
2018-07-03,0.1794871794871795
2018-07-05,0.1904761904761904
2018-07-06,0.1860465116279069
2018-07-09,0.1649484536082474
2018-07-10,0.1978021978021978
2018-07-11,0.1444444444444444
2018-07-12,0.1978021978021978
2018-07-13,0.1222222222222222
2018-07-16,0.1764705882352941
2018-07-17,0.2268041237113402
2018-07-18,0.1685393258426966
2018-07-19,0.1685393258426966
2018-07-20,0.1777777777777777
2018-07-23,0.2111111111111111
2018-07-24,0.231578947368421
2018-07-25,0.1935483870967742
2018-07-26,0.2222222222222222
2018-07-27,0.2588235294117647
2018-07-30,0.2045454545454545
2018-07-31,0.2087912087912088
2018-08-01,0.1910112359550561
2018-08-02,0.1627906976744186
2018-08-03,0.2395833333333333
2018-08-06,0.2087912087912088
2018-08-07,0.2395833333333333
2018-08-08,0.2
2018-08-09,0.2111111111111111
2018-08-10,0.2222222222222222
2018-08-13,0.2258064516129032
2018-08-14,0.2111111111111111
2018-08-15,0.2916666666666667
2018-08-16,0.1724137931034483
2018-08-17,0.1797752808988764
2018-08-20,0.1630434782608695
2018-08-21,0.1855670103092783
2018-08-22,0.25
2018-08-23,0.196078431372549
2018-08-24,0.2647058823529412
2018-08-27,0.2403846153846154
2018-08-28,0.24
2018-08-29,0.2019230769230769
2018-08-30,0.2767857142857143
2018-08-31,0.2719298245614035
2018-09-04,0.2363636363636363
2018-09-05,0.2368421052631578
2018-09-06,0.2129629629629629
2018-09-07,0.2169811320754717
2018-09-10,0.1698113207547169
2018-09-11,0.1274509803921568
2018-09-12,0.0714285714285714
2018-09-13,0.0648148148148148
2018-09-14,0.0571428571428571
2018-09-17,0.0490196078431372
2018-09-18,0.1078431372549019
2018-09-19,0.0505050505050505
2018-09-20,0.0388349514563106
2018-09-21,0.0784313725490196
2018-09-24,0.0909090909090909
2018-09-25,0.0891089108910891
2018-09-26,0.0638297872340425
2018-09-27,0.0425531914893617
2018-09-28,0.0729166666666666
2018-10-01,0.0618556701030927
2018-10-02,0.0495049504950495
2018-10-03,0.0495049504950495
2018-10-04,0.0625
2018-10-05,0.0618556701030927
2018-10-08,0.0309278350515463
2018-10-09,0.0531914893617021
2018-10-10,0.064516129032258
2018-10-11,0.0769230769230769
2018-10-12,0.0439560439560439
2018-10-15,0.0
2018-10-16,0.0
2018-10-17,0.0
2018-10-18,0.0
2018-10-19,0.0
2018-10-22,-0.020908004778972502
2018-10-23,0.0015479876160990006
2018-10-24,0.0
2018-10-25,0.0158730158730158
2018-10-26,-0.0109890109890109
2018-10-29,-0.0103092783505154
2018-10-30,0.0
2018-10-31,-0.0109890109890109
2018-11-01,0.0
2018-11-02,0.0
2018-11-05,0.0
2018-11-06,0.0
2018-11-07,0.0
2018-11-08,0.0
2018-11-09,0.0
2018-11-12,0.0
2018-11-13,0.0
2018-11-14,0.0
2018-11-15,0.0
2018-11-16,0.0
2018-11-19,0.0
2018-11-20,0.0
2018-11-21,0.0
2018-11-23,0.0
2018-11-26,0.0
2018-11-27,0.0
2018-11-28,0.0
2018-11-29,0.0
2018-11-30,0.0
2018-12-03,0.0
2018-12-04,0.0
2018-12-06,0.0
2018-12-07,0.0
2018-12-10,0.0
2018-12-11,0.0
2018-12-12,0.0
2018-12-13,0.0
2018-12-14,0.0
2018-12-17,0.0
2018-12-18,0.0
2018-12-19,0.0
2018-12-20,0.0
2018-12-21,0.0
2018-12-24,-0.0093457943925233
2018-12-26,0.0
2018-12-27,0.0
2018-12-28,0.0
2018-12-31,0.0
2019-01-02,0.0
2019-01-03,-0.0112359550561797
2019-01-04,0.0
2019-01-07,0.0
2019-01-08,0.0
2019-01-09,0.0
2019-01-10,0.0
2019-01-11,0.0
2019-01-14,0.0
2019-01-15,0.0
2019-01-16,0.0
2019-01-17,0.0
2019-01-18,0.0
2019-01-22,0.0
2019-01-23,0.0
2019-01-24,0.0
2019-01-25,0.0
2019-01-28,0.0
2019-01-29,0.0
2019-01-30,0.0
2019-01-31,0.0
2019-02-01,0.0
2019-02-04,0.0
2019-02-05,0.0
2019-02-06,0.0
2019-02-07,0.0
2019-02-08,0.0
2019-02-11,0.0
2019-02-12,0.0
2019-02-13,0.0
2019-02-14,0.0
2019-02-15,0.0
2019-02-19,0.0
2019-02-20,0.0
2019-02-21,0.0
2019-02-22,0.0
2019-02-25,0.0126582278481012
2019-02-26,0.0
2019-02-27,0.0
2019-02-28,0.0
2019-03-01,0.0
2019-03-04,0.0
2019-03-05,0.0
2019-03-06,0.0
2019-03-07,0.0
2019-03-08,0.0
2019-03-11,0.0
2019-03-12,0.0
2019-03-13,0.0
2019-03-14,0.0
2019-03-15,0.0
2019-03-18,0.0
2019-03-19,0.0
2019-03-20,0.0
2019-03-21,0.0
2019-03-22,0.0
2019-03-25,0.0
2019-03-26,0.0
2019-03-27,0.0095238095238095
2019-03-28,0.0
2019-03-29,0.0
2019-04-01,0.0
2019-04-02,0.0
2019-04-03,0.0093457943925233
2019-04-04,0.0
2019-04-05,0.0
2019-04-08,0.018348623853211
2019-04-09,0.0
2019-04-10,0.018348623853211
2019-04-11,0.009090909090909
2019-04-12,0.02803738317757
2019-04-15,0.0097087378640776
2019-04-16,0.0
2019-04-17,0.0096153846153846
2019-04-18,0.0303030303030303
2019-04-22,0.0510204081632653
2019-04-23,0.01
2019-04-24,0.0329670329670329
2019-04-25,0.0444444444444444
2019-04-26,0.0396039603960396
2019-04-29,0.0204081632653061
2019-04-30,0.0754716981132075
2019-05-01,0.0384615384615384
2019-05-02,0.0515463917525773
2019-05-03,0.0560747663551401
2019-05-06,0.074074074074074
2019-05-07,0.0288461538461538
2019-05-08,0.018348623853211
2019-05-09,0.0404040404040404
2019-05-10,0.074074074074074
2019-05-13,0.0
2019-05-14,0.0319148936170212
2019-05-15,0.0198019801980198
2019-05-16,0.0196078431372549
2019-05-17,0.0319148936170212
2019-05-20,0.0326086956521739
2019-05-21,0.048076923076923
2019-05-22,0.0099009900990099
2019-05-23,0.0
2019-05-24,0.0
2019-05-28,0.04
2019-05-29,0.06
2019-05-30,0.0294117647058823
2019-05-31,0.0329670329670329
2019-06-03,0.0319148936170212
2019-06-04,0.0202020202020202
2019-06-05,0.018348623853211
2019-06-06,0.0294117647058823
2019-06-07,0.0277777777777777
2019-06-10,0.0178571428571428
2019-06-11,0.027027027027027
2019-06-12,0.0
2019-06-13,0.0258620689655172
2019-06-14,0.0442477876106194
2019-06-17,0.0695652173913043
2019-06-18,0.0991735537190082
2019-06-19,0.0683760683760683
2019-06-20,0.1206896551724138
2019-06-21,0.1
2019-06-24,0.0789473684210526
2019-06-25,0.1083333333333333
2019-06-26,0.0884955752212389
2019-06-27,0.1271186440677966
2019-06-28,0.1166666666666666
2019-07-01,0.1317829457364341
2019-07-02,0.1239669421487603
2019-07-03,0.1196581196581196
2019-07-05,0.1848739495798319
2019-07-08,0.1016949152542373
2019-07-09,0.1043478260869565
2019-07-10,0.1092436974789916
2019-07-11,0.0701754385964912
2019-07-12,0.1052631578947368
2019-07-15,0.0636363636363636
2019-07-16,0.1403508771929824
2019-07-17,0.09009009009009
2019-07-18,0.1043478260869565
2019-07-19,0.0789473684210526
2019-07-22,0.09009009009009
2019-07-23,0.0964912280701754
2019-07-24,0.1048387096774193
2019-07-25,0.1101694915254237
2019-07-26,0.0526315789473684
2019-07-29,0.0535714285714285
2019-07-30,0.0583333333333333
2019-07-31,0.0442477876106194
2019-08-01,0.0847457627118644
2019-08-02,0.0707964601769911
2019-08-05,0.0504201680672268
2019-08-06,0.0363636363636363
2019-08-07,0.102803738317757
2019-08-08,0.0467289719626168
2019-08-09,0.048076923076923
2019-08-12,0.0614035087719298
2019-08-13,0.0357142857142857
2019-08-14,0.0344827586206896
2019-08-15,0.0188679245283018
2019-08-16,0.0
2019-08-19,0.0
2019-08-20,0.0265486725663716
2019-08-21,0.017391304347826
2019-08-22,0.008695652173913
2019-08-23,0.0
2019-08-26,0.0
2019-08-27,0.0168067226890756
2019-08-28,0.0085470085470085
2019-08-29,0.0
2019-08-30,0.0
2019-09-03,0.0
2019-09-04,0.0165289256198347
2019-09-05,0.008695652173913
2019-09-06,0.0
2019-09-09,0.0
2019-09-10,0.016260162601626
2019-09-11,0.008
2019-09-12,0.0333333333333333
2019-09-13,0.0245901639344262
2019-09-16,0.0245901639344262
2019-09-17,0.024390243902439
2019-09-18,0.0166666666666666
2019-09-19,0.0158730158730158
2019-09-20,0.0491803278688524
2019-09-23,0.0714285714285714
2019-09-24,0.0916666666666666
2019-09-25,0.1031746031746031
2019-09-26,0.1382113821138211
2019-09-27,0.1735537190082644
2019-09-30,0.1626016260162601
2019-10-01,0.0948275862068965
2019-10-02,0.1583333333333333
2019-10-03,0.1157024793388429
2019-10-04,0.1260504201680672
2019-10-07,0.1391304347826087
2019-10-08,0.1304347826086956
2019-10-09,0.079646017699115
2019-10-10,0.087719298245614
2019-10-11,0.037037037037037
2019-10-14,0.054054054054054
2019-10-15,0.0948275862068965
2019-10-16,0.0818181818181818
2019-10-17,0.0263157894736842
2019-10-18,0.0517241379310344
2019-10-21,0.063063063063063
2019-10-22,0.0655737704918032
2019-10-23,0.05
2019-10-24,0.0619469026548672
2019-10-25,0.0512820512820512
2019-10-28,0.0176991150442477
2019-10-29,0.0775862068965517
2019-10-30,0.0256410256410256
2019-10-31,0.0504201680672268
2019-11-01,0.0517241379310344
2019-11-04,0.0260869565217391
2019-11-05,0.0357142857142857
2019-11-06,0.0442477876106194
2019-11-07,0.0256410256410256
2019-11-08,0.017094017094017
2019-11-11,0.0336134453781512
2019-11-12,0.0088495575221238
2019-11-13,0.0545454545454545
2019-11-14,0.018018018018018
2019-11-15,0.0267857142857142
2019-11-18,0.1092436974789916
2019-11-19,0.0869565217391304
2019-11-20,0.0707964601769911
2019-11-21,0.0803571428571428
2019-11-22,0.0892857142857142
2019-11-25,0.1304347826086956
2019-11-26,0.1009174311926605
2019-11-27,0.1009174311926605
2019-11-29,0.1607142857142857
2019-12-02,0.1376146788990825
2019-12-03,0.1545454545454545
2019-12-04,0.1047619047619047
2019-12-05,0.1121495327102803
2019-12-06,0.1698113207547169
2019-12-09,0.1272727272727272
2019-12-10,0.1047619047619047
2019-12-11,0.1634615384615384
2019-12-12,0.0679611650485436
2019-12-13,0.1160714285714285
2019-12-16,0.128440366972477
2019-12-17,0.1559633027522936
2019-12-18,0.037037037037037
2019-12-19,0.145631067961165
2019-12-20,0.1926605504587156
2019-12-23,0.2389380530973451
2019-12-24,0.2212389380530973
2019-12-26,0.2241379310344827
2019-12-27,0.2719298245614035
2019-12-30,0.2589285714285714
2019-12-31,0.1981981981981982
2020-01-02,0.2105263157894736
2020-01-03,0.1962616822429906
2020-01-06,0.1946902654867256
2020-01-07,0.1981132075471698
2020-01-08,0.2477064220183486
2020-01-09,0.168141592920354
2020-01-10,0.1592920353982301
2020-01-13,0.2454545454545454
2020-01-14,0.1403508771929824
2020-01-15,0.2184873949579832
2020-01-16,0.1052631578947368
2020-01-17,0.1982758620689655
2020-01-21,0.2015503875968992
2020-01-22,0.2419354838709677
2020-01-23,0.226890756302521
2020-01-24,0.25
2020-01-27,0.2540983606557377
2020-01-28,0.225
2020-01-29,0.2844827586206896
2020-01-30,0.3140495867768595
2020-01-31,0.2347826086956521
2020-02-03,0.2232142857142857
2020-02-04,0.2136752136752136
2020-02-05,0.1848739495798319
2020-02-06,0.1869918699186991
2020-02-07,0.2416666666666666
2020-02-10,0.225
2020-02-11,0.1929824561403508
2020-02-12,0.2222222222222222
2020-02-13,0.1557377049180328
2020-02-14,0.1967213114754098
2020-02-18,0.2
2020-02-19,0.2416666666666666
2020-02-20,0.1592920353982301
2020-02-21,0.2241379310344827
2020-02-24,0.1946902654867256
2020-02-25,0.238095238095238
2020-02-26,0.2
2020-02-27,0.19
2020-02-28,0.1956521739130435
2020-03-02,0.173469387755102
2020-03-03,0.1808510638297872
2020-03-04,0.2159090909090909
2020-03-05,0.2098765432098765
2020-03-06,0.2151898734177215
2020-03-09,0.2205882352941176
2020-03-10,0.2631578947368421
2020-03-11,0.2063492063492063
2020-03-12,0.1764705882352941
2020-03-13,0.1363636363636363
2020-03-16,0.0789473684210526
2020-03-17,0.0
2020-03-18,0.0
2020-03-19,0.0
2020-03-20,0.0
2020-03-23,0.0
2020-03-24,0.0
2020-03-25,0.0
2020-03-26,0.0
2020-03-27,0.0
2020-03-30,0.0
2020-03-31,0.0
2020-04-01,0.0
2020-04-02,0.0
2020-04-03,-0.0163934426229508
2020-04-06,-0.0192307692307692
2020-04-07,-0.0088495575221238
2020-04-08,0.0
2020-04-09,0.0
2020-04-13,-0.0194174757281553
2020-04-14,0.0
2020-04-15,0.0
2020-04-16,0.0
2020-04-17,0.0
2020-04-20,0.0
2020-04-21,0.0
2020-04-22,-0.0188679245283018
2020-04-23,0.0
2020-04-24,-0.0094339622641509
2020-04-27,-0.0088495575221238
2020-04-28,0.0
2020-04-29,0.0
2020-04-30,0.0
2020-05-01,0.0
2020-05-04,0.0
2020-05-05,0.0
2020-05-06,0.0
2020-05-07,0.0
2020-05-08,0.0
2020-05-11,0.0
2020-05-12,0.0
2020-05-13,0.0
2020-05-14,0.0
2020-05-15,0.0
2020-05-18,0.0
2020-05-19,0.0
2020-05-20,0.0
2020-05-21,0.0
2020-05-22,0.0
2020-05-26,0.0
2020-05-27,0.0142857142857142
2020-05-28,0.0
2020-05-29,0.0
2020-06-01,0.0
2020-06-02,0.0
2020-06-03,0.0
2020-06-04,0.0112359550561797
2020-06-05,0.0235294117647058
2020-06-08,0.0
2020-06-09,0.0114942528735632
2020-06-10,0.0
2020-06-11,0.0
2020-06-12,0.0
2020-06-15,0.0
2020-06-16,0.0
2020-06-17,0.0
2020-06-18,0.0
2020-06-19,0.0
2020-06-22,0.0
2020-06-23,0.0
2020-06-24,0.0
2020-06-25,0.0
2020-06-26,0.0
2020-06-29,0.0
2020-06-30,0.0
2020-07-01,0.0
2020-07-02,0.0
2020-07-06,0.0
2020-07-07,0.0
2020-07-08,0.0
2020-07-09,0.0
2020-07-10,0.0
2020-07-13,0.0
2020-07-14,0.0
2020-07-15,0.0
2020-07-16,0.0093457943925233
2020-07-17,0.0
2020-07-20,0.0
2020-07-21,0.0
2020-07-22,0.0101010101010101
2020-07-23,0.0097087378640776
2020-07-24,0.0
2020-07-27,0.0194174757281553
2020-07-28,0.0
2020-07-29,0.0104166666666666
2020-07-30,0.0099009900990099
2020-07-31,0.0204081632653061
2020-08-03,0.019047619047619
2020-08-04,0.0204081632653061
2020-08-05,0.03125
2020-08-06,0.0210526315789473
2020-08-07,0.0206185567010309
2020-08-10,0.0
2020-08-11,0.0309278350515463
2020-08-12,0.029126213592233
2020-08-13,0.0117647058823529
2020-08-14,0.0117647058823529
2020-08-17,0.010752688172043
2020-08-18,0.0112359550561797
2020-08-19,0.0
2020-08-20,0.024390243902439
2020-08-21,0.0117647058823529
2020-08-24,0.0116279069767441
2020-08-25,0.0235294117647058
2020-08-26,0.0
2020-08-27,0.0
2020-08-28,0.0
2020-08-31,0.0109890109890109
2020-09-01,0.0375
2020-09-02,0.0235294117647058
2020-09-03,0.043010752688172
2020-09-04,0.0
2020-09-08,0.0
2020-09-09,0.0128205128205128
2020-09-10,0.0135135135135135
2020-09-11,0.0128205128205128
2020-09-14,0.0
2020-09-15,0.0253164556962025
2020-09-16,0.0131578947368421
2020-09-17,0.0
2020-09-18,0.0
2020-09-21,0.0
2020-09-22,0.0
2020-09-23,0.0
2020-09-24,0.0
2020-09-25,0.0
2020-09-28,0.0
2020-09-29,0.0
2020-09-30,0.0
2020-10-01,0.0
2020-10-02,0.0
2020-10-05,0.0
2020-10-06,0.0
2020-10-07,0.0
2020-10-08,0.0
2020-10-09,0.0
2020-10-12,0.0
2020-10-13,0.0
2020-10-14,0.0106382978723404
2020-10-15,0.0
2020-10-16,0.0
2020-10-19,0.0
2020-10-20,0.0
2020-10-21,0.0212765957446808
2020-10-22,0.0204081632653061
2020-10-23,0.0309278350515463
2020-10-26,0.0
2020-10-27,0.0
2020-10-28,0.0106382978723404
2020-10-29,0.0
2020-10-30,0.0
2020-11-02,0.0
2020-11-03,0.0194174757281553
2020-11-04,0.0
2020-11-05,0.0
2020-11-06,0.0
2020-11-09,0.0
2020-11-10,0.0094339622641509
2020-11-11,0.009090909090909
2020-11-12,0.0
2020-11-13,0.0
2020-11-16,0.0196078431372549
2020-11-17,0.0096153846153846
2020-11-18,0.0196078431372549
2020-11-19,0.0
2020-11-20,0.009090909090909
2020-11-23,0.0267857142857142
2020-11-24,0.0277777777777777
2020-11-25,0.036036036036036
2020-11-27,0.0373831775700934
2020-11-30,0.0096153846153846
2020-12-01,0.01
2020-12-02,0.0404040404040404
2020-12-03,0.0294117647058823
2020-12-04,0.06
2020-12-07,0.0618556701030927
2020-12-08,0.116504854368932
2020-12-09,0.0618556701030927
2020-12-10,0.0776699029126213
2020-12-11,0.0666666666666666
2020-12-14,0.0329670329670329
2020-12-15,0.05
2020-12-16,0.0
2020-12-17,0.027027027027027
2020-12-18,0.0384615384615384
2020-12-21,0.0446428571428571
2020-12-22,0.0476190476190476
2020-12-23,0.0454545454545454
2020-12-24,0.0267857142857142
2020-12-28,0.0186915887850467
2020-12-29,0.0350877192982456
2020-12-30,0.0
2020-12-31,0.0277777777777777
2021-01-04,0.0093457943925233
2021-01-05,0.0392156862745098
2021-01-06,0.045045045045045
2021-01-07,0.0172413793103448
2021-01-08,0.018018018018018
2021-01-11,0.0176991150442477
2021-01-12,0.045045045045045
2021-01-13,0.0350877192982456
2021-01-14,0.043103448275862
2021-01-15,0.0087719298245614
2021-01-19,0.0583333333333333
2021-01-20,0.0545454545454545
2021-01-21,0.0769230769230769
2021-01-22,0.0608695652173913
2021-01-25,0.0636363636363636
2021-01-26,0.0458715596330275
2021-01-27,0.027027027027027
2021-01-28,0.036697247706422
2021-01-29,0.0188679245283018
2021-02-01,0.0198019801980198
2021-02-02,0.0526315789473684
2021-02-03,0.0098039215686274
2021-02-04,0.0373831775700934
2021-02-05,0.0098039215686274
2021-02-08,0.0194174757281553
2021-02-09,0.0515463917525773
2021-02-10,0.0471698113207547
2021-02-11,0.0294117647058823
2021-02-12,0.058252427184466
2021-02-16,0.0098039215686274
2021-02-17,0.0094339622641509
2021-02-18,0.036697247706422
2021-02-19,0.036697247706422
2021-02-22,0.0188679245283018
2021-02-23,0.048076923076923
2021-02-24,0.037037037037037
2021-02-25,0.0
2021-02-26,0.0096153846153846
2021-03-01,0.0097087378640776
2021-03-02,0.01
2021-03-03,0.0194174757281553
2021-03-04,0.02
2021-03-05,0.0202020202020202
2021-03-08,0.0103092783505154
2021-03-09,0.031578947368421
2021-03-10,0.0485436893203883
2021-03-11,0.0476190476190476
2021-03-12,0.018348623853211
2021-03-15,0.02803738317757
2021-03-16,0.0377358490566037
2021-03-17,0.0446428571428571
2021-03-18,0.0636363636363636
2021-03-19,0.0495049504950495
2021-03-22,0.1018518518518518
2021-03-23,0.0285714285714285
2021-03-24,0.0576923076923076
2021-03-25,0.0636363636363636
2021-03-26,0.054054054054054
2021-03-29,0.0571428571428571
2021-03-30,0.0272727272727272
2021-03-31,0.055045871559633
2021-04-01,0.0648148148148148
2021-04-05,0.0442477876106194
2021-04-06,0.0701754385964912
2021-04-07,0.0454545454545454
2021-04-08,0.0598290598290598
2021-04-09,0.0869565217391304
2021-04-12,0.0648148148148148
2021-04-13,0.0545454545454545
2021-04-14,0.036036036036036
2021-04-15,0.063063063063063
2021-04-16,0.072072072072072
2021-04-19,0.0934579439252336
2021-04-20,0.036697247706422
2021-04-21,0.0636363636363636
2021-04-22,0.063063063063063
2021-04-23,0.0747663551401869
2021-04-26,0.1308411214953271
2021-04-27,0.13
2021-04-28,0.1132075471698113
2021-04-29,0.1047619047619047
2021-04-30,0.0673076923076923
2021-05-03,0.0396039603960396
2021-05-04,0.0761904761904762
2021-05-05,0.1359223300970873
2021-05-06,0.2450980392156862
2021-05-07,0.2653061224489796
2021-05-10,0.2280701754385964
2021-05-11,0.1359223300970873
2021-05-12,0.2291666666666666
2021-05-13,0.1941747572815534
2021-05-14,0.21
2021-05-17,0.2201834862385321
2021-05-18,0.209090909090909
2021-05-19,0.1844660194174757
2021-05-20,0.238095238095238
2021-05-21,0.2735849056603773
2021-05-24,0.2293577981651376
2021-05-25,0.2
2021-05-26,0.238095238095238
2021-05-27,0.1941747572815534
2021-05-28,0.1568627450980392
2021-06-01,0.205607476635514
2021-06-02,0.1941747572815534
2021-06-03,0.1904761904761904
2021-06-04,0.2178217821782178
2021-06-07,0.2727272727272727
2021-06-08,0.1683168316831683
2021-06-09,0.2616822429906542
2021-06-10,0.2019230769230769
2021-06-11,0.2061855670103092
2021-06-14,0.1941747572815534
2021-06-15,0.2358490566037736
2021-06-16,0.2577319587628865
2021-06-17,0.284313725490196
2021-06-18,0.2307692307692307
2021-06-21,0.231578947368421
2021-06-22,0.26
2021-06-23,0.2197802197802197
2021-06-24,0.2376237623762376
2021-06-25,0.2065217391304347
2021-06-28,0.217391304347826
2021-06-29,0.2164948453608247
2021-06-30,0.202020202020202
2021-07-01,0.1782178217821782
2021-07-02,0.2528735632183908
2021-07-06,0.2323232323232323
2021-07-07,0.25
2021-07-08,0.2164948453608247
2021-07-09,0.2659574468085106
2021-07-12,0.1894736842105263
2021-07-13,0.2765957446808511
2021-07-14,0.2637362637362637
2021-07-15,0.1827956989247312
2021-07-16,0.2808988764044944
2021-07-19,0.2891566265060241
2021-07-20,0.2333333333333333
2021-07-21,0.2727272727272727
2021-07-22,0.2272727272727272
2021-07-23,0.2947368421052631
2021-07-26,0.1789473684210526
2021-07-27,0.2111111111111111
2021-07-28,0.2247191011235955
2021-07-29,0.1702127659574468
2021-07-30,0.2558139534883721
2021-08-02,0.2061855670103092
2021-08-03,0.1931818181818181
2021-08-04,0.2247191011235955
2021-08-05,0.2068965517241379
2021-08-06,0.25
2021-08-09,0.2197802197802197
2021-08-10,0.2439024390243902
2021-08-11,0.2444444444444444
2021-08-12,0.2159090909090909
2021-08-13,0.2446808510638297
2021-08-16,0.2696629213483146
2021-08-17,0.247191011235955
2021-08-18,0.2716049382716049
2021-08-19,0.2386363636363636
2021-08-20,0.2692307692307692
2021-08-23,0.2592592592592592
2021-08-24,0.1976744186046511
2021-08-25,0.2134831460674157
2021-08-26,0.2045454545454545
2021-08-27,0.2142857142857142
2021-08-30,0.264367816091954
2021-08-31,0.25
2021-09-01,0.3186813186813186
2021-09-02,0.275
2021-09-03,0.3529411764705882
2021-09-07,0.2857142857142857
2021-09-08,0.2987012987012987
2021-09-09,0.3
2021-09-10,0.2432432432432432
2021-09-13,0.2575757575757575
2021-09-14,0.2666666666666666
2021-09-15,0.25
2021-09-16,0.2777777777777778
2021-09-17,0.3384615384615385
2021-09-20,0.2941176470588235
2021-09-21,0.1830985915492957
2021-09-22,0.0845070422535211
2021-09-23,0.0735294117647058
2021-09-24,0.0422535211267605
2021-09-27,0.056338028169014
2021-09-28,0.0161290322580645
2021-09-29,0.0166666666666666
2021-09-30,0.0526315789473684
2021-10-01,0.0483870967741935
2021-10-04,0.0350877192982456
2021-10-05,0.0307692307692307
2021-10-06,0.0491803278688524
2021-10-07,0.0166666666666666
2021-10-08,0.0158730158730158
2021-10-11,0.0
2021-10-12,0.05
2021-10-13,0.0333333333333333
2021-10-14,0.0181818181818181
2021-10-15,0.0
2021-10-18,0.0
2021-10-19,0.0181818181818181
2021-10-20,0.0
2021-10-21,0.0357142857142857
2021-10-22,0.0153846153846153
2021-10-25,0.0158730158730158
2021-10-26,0.0333333333333333
2021-10-27,0.0491803278688524
2021-10-28,0.03125
2021-10-29,0.0
2021-11-01,0.0344827586206896
2021-11-02,0.0689655172413793
2021-11-03,0.0526315789473684
2021-11-04,0.1333333333333333
2021-11-05,0.0555555555555555
2021-11-08,0.0175438596491228
2021-11-09,0.0579710144927536
2021-11-10,0.0377358490566037
2021-11-11,0.0181818181818181
2021-11-12,0.0363636363636363
2021-11-15,0.0175438596491228
2021-11-16,0.0172413793103448
2021-11-17,0.0
2021-11-18,0.0
2021-11-19,0.046875
2021-11-22,0.1896551724137931
2021-11-23,0.0634920634920634
2021-11-24,0.0317460317460317
2021-11-26,0.0735294117647058
2021-11-29,0.1791044776119403
2021-11-30,0.0746268656716417
2021-12-01,0.08
2021-12-02,0.0714285714285714
2021-12-03,0.0142857142857142
2021-12-06,0.0277777777777777
2021-12-07,0.0147058823529411
2021-12-08,0.04
2021-12-09,0.0675675675675675
2021-12-10,0.0266666666666666
2021-12-13,0.136986301369863
2021-12-14,0.16
2021-12-15,0.1408450704225352
2021-12-16,0.1044776119402985
2021-12-17,0.1538461538461538
2021-12-20,0.081081081081081
2021-12-21,0.0779220779220779
2021-12-22,0.0602409638554216
2021-12-23,0.0821917808219178
2021-12-27,0.0759493670886076
2021-12-28,0.0987654320987654
2021-12-29,0.144578313253012
2021-12-30,0.1566265060240964
2021-12-31,0.0714285714285714
2022-01-03,0.127906976744186
2022-01-04,0.1494252873563218
2022-01-05,0.1294117647058823
2022-01-06,0.1294117647058823
2022-01-07,0.0681818181818181
2022-01-10,0.0705882352941176
2022-01-11,0.0112359550561797
2022-01-12,0.0232558139534883
2022-01-13,0.0352941176470588
2022-01-14,0.0114942528735632
2022-01-18,0.0121951219512195
2022-01-19,0.0120481927710843
2022-01-20,0.0
2022-01-21,0.0
2022-01-24,0.0
2022-01-25,0.0
2022-01-26,0.0
2022-01-27,0.0
2022-01-28,0.0
2022-01-31,0.109090909090909
2022-02-01,0.0
2022-02-02,0.0434782608695652
2022-02-03,0.0
2022-02-04,0.0
2022-02-07,0.0612244897959183
2022-02-08,0.0238095238095238
2022-02-09,0.0
2022-02-10,0.0
2022-02-11,0.0
2022-02-14,0.0
2022-02-15,0.0
2022-02-16,0.0
2022-02-17,0.0
2022-02-18,0.0
2022-02-22,0.0
2022-02-23,-0.034090909090909
2022-02-24,0.0
2022-02-25,0.0
2022-02-28,0.0
2022-03-01,0.0
2022-03-02,0.0
2022-03-03,-0.0136986301369863
2022-03-04,-0.0131578947368421
2022-03-07,-0.0131578947368421
2022-03-08,0.0
2022-03-09,0.0
2022-03-10,0.0
2022-03-11,-0.0410958904109589
2022-03-14,0.0
2022-03-15,0.0
2022-03-16,0.0
2022-03-17,0.0
2022-03-18,-0.0142857142857142
2022-03-21,-0.0303030303030303
2022-03-22,0.0
2022-03-23,0.0
2022-03-24,0.0
2022-03-25,0.0
2022-03-28,0.0
2022-03-29,0.0
2022-03-30,0.0
2022-03-31,0.0
2022-04-01,0.0
2022-04-04,0.0
2022-04-05,0.0
2022-04-06,0.0
2022-04-07,0.0
2022-04-08,0.0
2022-04-11,0.0
2022-04-12,0.0
2022-04-13,0.0
2022-04-14,0.0
2022-04-18,-0.01
2022-04-19,0.0
2022-04-20,0.0
2022-04-21,0.0
2022-04-22,-0.0106382978723404
2022-04-25,-0.02
2022-04-26,0.0
2022-04-27,0.0
2022-04-28,0.0
2022-04-29,-0.0101010101010101
2022-05-02,-0.0210526315789473
2022-05-03,-0.0194174757281553
2022-05-04,0.0
2022-05-05,0.0
2022-05-06,-0.03
2022-05-09,-0.043010752688172
2022-05-10,-0.0625
2022-05-11,-0.05
2022-05-12,-0.0736842105263157
2022-05-13,-0.0444444444444444
2022-05-16,-0.0206185567010309
2022-05-17,-0.0212765957446808
2022-05-18,-0.021505376344086
2022-05-19,-0.0204081632653061
2022-05-20,-0.010752688172043
2022-05-23,-0.0105263157894736
2022-05-24,-0.0229885057471264
2022-05-25,-0.0125
2022-05-26,-0.0120481927710843
2022-05-27,0.0
2022-05-31,0.0
2022-06-01,0.0
2022-06-02,0.0
2022-06-03,0.0
2022-06-06,0.0
2022-06-07,0.0
2022-06-08,0.0
2022-06-09,0.0
2022-06-10,0.0
2022-06-13,-0.0224719101123595
2022-06-14,0.0
2022-06-15,-0.0105263157894736
2022-06-16,0.0
2022-06-17,-0.0204081632653061
2022-06-21,-0.0104166666666666
2022-06-22,0.0
2022-06-23,0.0
2022-06-24,-0.0101010101010101
2022-06-27,-0.031578947368421
2022-06-28,-0.0408163265306122
2022-06-29,-0.0303030303030303
2022-06-30,-0.0208333333333333
2022-07-01,-0.0294117647058823
2022-07-05,-0.0309278350515463
2022-07-06,-0.0412371134020618
2022-07-07,-0.031578947368421
2022-07-08,-0.0408163265306122
2022-07-11,-0.0421052631578947
2022-07-12,-0.05
2022-07-13,-0.0294117647058823
2022-07-14,-0.0388349514563106
2022-07-15,-0.0309278350515463
2022-07-18,-0.0476190476190476
2022-07-19,-0.02803738317757
2022-07-20,-0.0326086956521739
2022-07-21,-0.0465116279069767
2022-07-22,0.0
2022-07-25,-0.0120481927710843
2022-07-26,-0.0109890109890109
2022-07-27,0.0
2022-07-28,0.0
2022-07-29,0.0144927536231884
2022-08-01,0.0
2022-08-02,0.0
2022-08-03,0.0
2022-08-04,0.0
2022-08-05,0.0
2022-08-08,0.0
2022-08-09,0.0
2022-08-10,0.0
2022-08-11,0.0
2022-08-12,0.0
2022-08-15,0.0
2022-08-16,0.0192307692307692
2022-08-17,0.0163934426229508
2022-08-18,0.0
2022-08-19,0.0
2022-08-22,0.0
2022-08-23,0.0
2022-08-24,0.0
2022-08-25,0.0
2022-08-26,0.0
2022-08-29,0.0
2022-08-30,0.0
2022-08-31,0.0
2022-09-01,0.0
2022-09-02,0.0
2022-09-06,0.0
2022-09-07,0.0
2022-09-08,0.0
2022-09-09,0.0
2022-09-12,0.0
2022-09-13,0.0
2022-09-14,0.0
2022-09-15,0.0
2022-09-16,0.0
2022-09-19,0.0
2022-09-20,0.0
2022-09-21,-0.0078740157480314
2022-09-22,0.0
2022-09-23,0.0
2022-09-26,0.0
2022-09-27,0.0
2022-09-28,0.0
2022-09-29,0.0
2022-09-30,0.0
2022-10-03,0.0
2022-10-04,0.0
2022-10-05,0.0
2022-10-06,0.0
2022-10-07,0.0
2022-10-10,0.0
2022-10-11,0.0
2022-10-12,0.0
2022-10-13,-0.0078740157480314
2022-10-14,0.0
2022-10-17,0.0
2022-10-18,-0.0081967213114754
2022-10-19,-0.0082644628099173
2022-10-20,-0.0078740157480314
2022-10-21,0.0
2022-10-24,0.0
2022-10-25,0.0
2022-10-26,0.0
2022-10-27,0.0
2022-10-28,0.0
2022-10-31,0.0
2022-11-01,-0.0084745762711864
2022-11-02,0.0
2022-11-03,0.0
2022-11-04,-0.008130081300813
2022-11-07,0.0
2022-11-08,0.0
2022-11-09,-0.0082644628099173
2022-11-10,-0.0080645161290322
2022-11-11,0.0
2022-11-14,0.0
2022-11-15,0.0
2022-11-16,0.0
2022-11-17,0.0
2022-11-18,0.0
2022-11-21,-0.0198019801980198
2022-11-22,-0.0222222222222222
2022-11-23,-0.0568181818181818
2022-11-25,-0.029126213592233
2022-11-28,-0.023076923076923002
2022-11-29,-0.0652173913043478
